INFO         | Android emulator version 36.3.10.0 (build_id 14472402) (CL:N/A)
INFO         | Graphics backend: gfxstream
INFO         | Found systemPath /Users/tapasyadubey/Library/Android/sdk/system-images/android-33/google_apis/arm64-v8a/
INFO         | Increasing RAM size to 2048MB
##############################################################################
##                        WARNING - ACTION REQUIRED                         ##
##  Consider using the '-metrics-collection' flag to help improve the       ##
##  emulator by sending anonymized usage data. Or use the '-no-metrics'     ##
##  flag to bypass this warning and turn off the metrics collection.        ##
##  In a future release this warning will turn into a one-time blocking     ##
##  prompt to ask for explicit user input regarding metrics collection.     ##
##                                                                          ##
##  Please see '-help-metrics-collection' for more details. You can use     ##
##  '-metrics-to-file' or '-metrics-to-console' flags to see what type of   ##
##  data is being collected by emulator as part of usage statistics.        ##
##############################################################################
INFO         | Guest GLES Driver: Auto (ext controls)
library_mode host gpu mode host
INFO         | Checking system compatibility:
INFO         |   Checking: hasSufficientDiskSpace
INFO         |      Ok: Disk space requirements to run avd: `pixel_e2e` are met
INFO         |   Checking: hasSufficientHwGpu
INFO         |      Ok: Hardware GPU requirements to run avd: `pixel_e2e` are passed
INFO         |   Checking: hasSufficientSystem
INFO         |      Ok: System requirements to run avd: `pixel_e2e` are met
INFO         | Storing crashdata in: /tmp/android-tapasyadubey/emu-crash-36.3.10.db, detection is enabled for process: 9822
INFO         | Initializing gfxstream backend
INFO         | android_startOpenglesRenderer: gpu info
INFO         | 
INFO         | initIcdPaths: ICD set to 'swiftshader', using Swiftshader ICD
INFO         | Setting ICD filenames for the loader = /Users/tapasyadubey/Library/Android/sdk/emulator/lib64/vulkan/vk_swiftshader_icd.json
INFO         | SharedLibrary::open for [/Users/tapasyadubey/Library/Android/sdk/emulator/qemu/darwin-aarch64/lib64/vulkan/libvulkan.dylib]
INFO         | SharedLibrary::open for [/Users/tapasyadubey/Library/Android/sdk/emulator/qemu/darwin-aarch64/lib64/vulkan/libvulkan.dylib]: not found in map, open for the first time
INFO         | SharedLibrary::open for [/Users/tapasyadubey/Library/Android/sdk/emulator/qemu/darwin-aarch64/lib64/vulkan/libvulkan.dylib] (posix): begin
INFO         | SharedLibrary::open for [/Users/tapasyadubey/Library/Android/sdk/emulator/qemu/darwin-aarch64/lib64/vulkan/libvulkan.dylib] (posix,darwin): call dlopen
INFO         | SharedLibrary::open succeeded for [/Users/tapasyadubey/Library/Android/sdk/emulator/qemu/darwin-aarch64/lib64/vulkan/libvulkan.dylib].
INFO         | Added library: /Users/tapasyadubey/Library/Android/sdk/emulator/qemu/darwin-aarch64/lib64/vulkan/libvulkan.dylib
INFO         | Selecting Vulkan device: SwiftShader Device (LLVM 10.0.0), Version: 1.3.0
INFO         | Disabling sparse binding feature support
INFO         | SharedLibrary::open for [/System/Library/Frameworks/OpenGL.framework/OpenGL]: not found in map, open for the first time
INFO         | SharedLibrary::open for [/System/Library/Frameworks/OpenGL.framework/OpenGL] (posix): begin
INFO         | SharedLibrary::open for [/System/Library/Frameworks/OpenGL.framework/OpenGL] (posix,darwin): call dlopen
INFO         | SharedLibrary::open succeeded for [/System/Library/Frameworks/OpenGL.framework/OpenGL].
INFO         | SharedLibrary::open for [libshadertranslator.dylib]: not found in map, open for the first time
INFO         | SharedLibrary::open for [libshadertranslator.dylib] (posix): begin
INFO         | SharedLibrary::open for [libshadertranslator.dylib] (posix,darwin): call dlopen
INFO         | SharedLibrary::open succeeded for [libshadertranslator.dylib].
INFO         | Initializing VkEmulation features:
INFO         |     glInteropSupported: false
INFO         |     useDeferredCommands: true
INFO         |     createResourceWithRequirements: true
INFO         |     useVulkanComposition: false
INFO         |     useVulkanNativeSwapchain: false
INFO         |     enable guestRenderDoc: false
INFO         |     ASTC LDR emulation mode: Gpu
INFO         |     enable ETC2 emulation: true
INFO         |     enable Ycbcr emulation: false
INFO         |     guestVulkanOnly: false
INFO         |     useDedicatedAllocations: false
INFO         | Graphics Adapter Vendor Google (Apple)
INFO         | Graphics Adapter Android Emulator OpenGL ES Translator (Apple M2)
INFO         | Graphics API Version OpenGL ES 3.0 (4.1 Metal - 89.4)
INFO         | Graphics API Extensions GL_OES_EGL_sync GL_OES_EGL_image GL_OES_EGL_image_external GL_OES_depth24 GL_OES_depth32 GL_OES_element_index_uint GL_OES_texture_float GL_OES_texture_float_linear GL_OES_compressed_paletted_texture GL_OES_compressed_ETC1_RGB8_texture GL_OES_depth_texture GL_OES_texture_npot GL_OES_rgb8_rgba8 GL_EXT_color_buffer_float GL_EXT_color_buffer_half_float GL_EXT_texture_format_BGRA8888 GL_APPLE_texture_format_BGRA8888 
INFO         | Graphics Device Extensions N/A
INFO         | Sending adb public key [QAAAAFtGnK0thlwSuEvG4AVlvUjhzVbK68d6xWwF0fbHXCM1CBwkRh0LNDpmsuIejpuNUDKtp8kZKmHl1wo/ke305efKXBT9I0EuToltVMYDJ0ZV8Yt2f9WQ0uYs1YPSPOBTbIYAfr0k5SoolhzEWX314T7t7YgmecrK0C5WQkWUMUE673iktvs3yYh1QDFBsT3fmTuUYEf7fi12qS8fozleHmSzjsJAmbOOMz9RF7NDsKQ9zeZipB8TKs65ofIWTZpKDtcrQ5IM8lzijNDw+8DxA1FiqJNT74t7EqxklFYAEP9HOjmDOfiSrzfANjr4lhcgBXPfZYnTK2W+TMuoTaNjvEaswU/Tzvp60DPyWsUMxUQJ/Ni59/QmMJapr9kNSsUPi7yKEgPdPTw6JjWQ5XJIb/g8E/x0TGUQ9Y/D7+8lFN+c1qpavgocVzT/7Zy7jeNMJ0PJQpoBFO7JfPpNvbo01oIGwxTMh6l7BEnrheFsjjHNnrxbF0L1DGt40vuHS3Tnzrt88/rP7uwxZUAyPELtw3hKPUaQSGe2VL1fL8HvzUTmBvzdS3j06fPV7I0hWJn0Prwljfubzcweu43fh+GR4I2d7oCAqF3nShCcPHDlPSc4GGayRNkCcHKaSg67hrEImNJUSDqOXzZKrNvsOCzPy6Au/yITwfcTqiUGCF16zoJIx6IifgEAAQA= tapasyadubey@unknown]
INFO         | Userspace boot properties:
INFO         |   androidboot.boot_devices=a003600.virtio_mmio
INFO         |   androidboot.dalvik.vm.heapsize=512m
INFO         |   androidboot.debug.hwui.renderer=skiagl
INFO         |   androidboot.debug.sf.nobootanimation=1
INFO         |   androidboot.hardware=ranchu
INFO         |   androidboot.hardware.gltransport=pipe
INFO         |   androidboot.hardware.vulkan=ranchu
INFO         |   androidboot.logcat=*:V
INFO         |   androidboot.opengles.version=196608
INFO         |   androidboot.qemu=1
INFO         |   androidboot.qemu.adb.pubkey=QAAAAFtGnK0thlwSuEvG4AVlvUjhzVbK68d6xWwF0fbHXCM1CBwkRh0LNDpmsuIejpuNUDKtp8kZKmHl1wo/ke305efKXBT9I0EuToltVMYDJ0ZV8Yt2f9WQ0uYs1YPSPOBTbIYAfr0k5SoolhzEWX314T7t7YgmecrK0C5WQkWUMUE673iktvs3yYh1QDFBsT3fmTuUYEf7fi12qS8fozleHmSzjsJAmbOOMz9RF7NDsKQ9zeZipB8TKs65ofIWTZpKDtcrQ5IM8lzijNDw+8DxA1FiqJNT74t7EqxklFYAEP9HOjmDOfiSrzfANjr4lhcgBXPfZYnTK2W+TMuoTaNjvEaswU/Tzvp60DPyWsUMxUQJ/Ni59/QmMJapr9kNSsUPi7yKEgPdPTw6JjWQ5XJIb/g8E/x0TGUQ9Y/D7+8lFN+c1qpavgocVzT/7Zy7jeNMJ0PJQpoBFO7JfPpNvbo01oIGwxTMh6l7BEnrheFsjjHNnrxbF0L1DGt40vuHS3Tnzrt88/rP7uwxZUAyPELtw3hKPUaQSGe2VL1fL8HvzUTmBvzdS3j06fPV7I0hWJn0Prwljfubzcweu43fh+GR4I2d7oCAqF3nShCcPHDlPSc4GGayRNkCcHKaSg67hrEImNJUSDqOXzZKrNvsOCzPy6Au/yITwfcTqiUGCF16zoJIx6IifgEAAQA= tapasyadubey@unknown
INFO         |   androidboot.qemu.avd_name=pixel_e2e
INFO         |   androidboot.qemu.camera_hq_edge_processing=0
INFO         |   androidboot.qemu.camera_protocol_ver=1
INFO         |   androidboot.qemu.cpuvulkan.version=4202496
INFO         |   androidboot.qemu.gltransport.drawFlushInterval=800
INFO         |   androidboot.qemu.gltransport.name=pipe
INFO         |   androidboot.qemu.hwcodec.avcdec=2
INFO         |   androidboot.qemu.hwcodec.hevcdec=2
INFO         |   androidboot.qemu.hwcodec.vpxdec=2
INFO         |   androidboot.qemu.settings.system.screen_off_timeout=2147483647
INFO         |   androidboot.qemu.virtiowifi=1
INFO         |   androidboot.qemu.vsync=60
INFO         |   androidboot.serialno=EMULATOR36X3X10X0
INFO         |   androidboot.vbmeta.digest=adf8628e8323788ef86179836a2969780b70d1e6d8e16532ea68df5084a123b6
INFO         |   androidboot.vbmeta.hash_alg=sha256
INFO         |   androidboot.vbmeta.size=6592
INFO         |   androidboot.veritymode=enforcing
INFO         | Monitoring duration of emulator setup.
WARNING      | The emulator now requires a signed jwt token for gRPC access! Use the -grpc flag if you really want an open unprotected grpc port
INFO         | Using security allow list from: /Users/tapasyadubey/Library/Android/sdk/emulator/lib/emulator_access.json
WARNING      | *** Basic token auth should only be used by android-studio ***
INFO         | The active JSON Web Key Sets can be found here: /Users/tapasyadubey/Library/Caches/TemporaryItems/avd/running/9822/jwks/b5b726df-f576-4278-bd8a-b80772e98a90/active.jwk
INFO         | Scanning /Users/tapasyadubey/Library/Caches/TemporaryItems/avd/running/9822/jwks/b5b726df-f576-4278-bd8a-b80772e98a90 for jwk keys.
INFO         | Started GRPC server at 127.0.0.1:8554, security: Local, auth: +token
INFO         | Advertising in: /Users/tapasyadubey/Library/Caches/TemporaryItems/avd/running/pid_9822.ini
INFO         | Setting display: 0 configuration to: 320x640, dpi: 160x160 
INFO         | setDisplayActiveConfig 0
INFO         | Checking system compatibility:
INFO         |   Checking: hasSufficientDiskSpace
INFO         |      Ok: Disk space requirements to run avd: `pixel_e2e` are met
INFO         |   Checking: hasSufficientHwGpu
INFO         |      Ok: Hardware GPU requirements to run avd: `pixel_e2e` are passed
INFO         |   Checking: hasSufficientSystem
INFO         |      Ok: System requirements to run avd: `pixel_e2e` are met
INFO         | Warning: QMetaObject::connectSlotsByName: No matching signal for on_rgbcSensorValueWidget_valueChanged() (:0, )
INFO         | Warning: QMetaObject::connectSlotsByName: No matching signal for on_posture_valueChanged(int) (:0, )
INFO         | Loading snapshot 'default_boot'...
WARNING      | change of renderer detected.
INFO         | AVD supportsNativeGLES=1, supportsGuestAngle=0
INFO         | Platform does not support Guest Angle
INFO         | Created extended window in 389.33ms
WARNING      | Client not connected yet. Ignoring message!
WARNING      | Client not connected yet. Ignoring message!
WARNING      | Client not connected yet. Ignoring message!
WARNING      | Unknown XR viewport mode requested: 0, ignored.

WARNING      | Client not connected yet. Ignoring message!
WARNING      | Client not connected yet. Ignoring message!
WARNING      | Client not connected yet. Ignoring message!
WARNING      | Client not connected yet. Ignoring message!
WARNING      | Client not connected yet. Ignoring message!
WARNING      | Client not connected yet. Ignoring message!
INFO         | Successfully loaded snapshot 'default_boot' using 2075 ms
WARNING      | adb command '/Users/tapasyadubey/Library/Android/sdk/platform-tools/adb -s emulator-5554 shell am start-foreground-service -e meter on com.android.emulator.radio.config/.MeterService ' failed: 'adb: device offline'
INFO         | Activated packet streamer for bluetooth emulation
/Volumes/Android/buildbot/src/googleplex-android/emu-36-3-release/hardware/google/gfxstream/host/gl/glestranslator/gles_v2/gles_v2_imp.cpp:glUniform4fv:4004 error 0x502
/Volumes/Android/buildbot/src/googleplex-android/emu-36-3-release/hardware/google/gfxstream/host/gl/glestranslator/gles_v2/gles_v2_imp.cpp:glUniform4fv:4004 error 0x502
/Volumes/Android/buildbot/src/googleplex-android/emu-36-3-release/hardware/google/gfxstream/host/gl/glestranslator/gles_v2/gles_v2_imp.cpp:glUniformMatrix3fv:4036 error 0x502
/Volumes/Android/buildbot/src/googleplex-android/emu-36-3-release/hardware/google/gfxstream/host/gl/glestranslator/gles_v2/gles_v2_imp.cpp:glUniform4fv:4004 error 0x502
/Volumes/Android/buildbot/src/googleplex-android/emu-36-3-release/hardware/google/gfxstream/host/gl/glestranslator/gles_v2/gles_v2_imp.cpp:glUniform4f:3997 error 0x502
/Volumes/Android/buildbot/src/googleplex-android/emu-36-3-release/hardware/google/gfxstream/host/gl/glestranslator/gles_v2/gles_v2_imp.cpp:glUniform2f:3941 error 0x502
/Volumes/Android/buildbot/src/googleplex-android/emu-36-3-release/hardware/google/gfxstream/host/gl/glestranslator/gles_v2/gles_v2_imp.cpp:glUniform4fv:4004 error 0x502
/Volumes/Android/buildbot/src/googleplex-android/emu-36-3-release/hardware/google/gfxstream/host/gl/glestranslator/gles_v2/gles_v2_imp.cpp:glUniform2f:3941 error 0x502
/Volumes/Android/buildbot/src/googleplex-android/emu-36-3-release/hardware/google/gfxstream/host/gl/glestranslator/gles_v2/gles_v2_imp.cpp:glUniform4fv:4004 error 0x502
/Volumes/Android/buildbot/src/googleplex-android/emu-36-3-release/hardware/google/gfxstream/host/gl/glestranslator/gles_v2/gles_v2_imp.cpp:glUniform4fv:4004 error 0x502
/Volumes/Android/buildbot/src/googleplex-android/emu-36-3-release/hardware/google/gfxstream/host/gl/glestranslator/gles_v2/gles_v2_imp.cpp:glUniform4fv:4004 error 0x502
/Volumes/Android/buildbot/src/googleplex-android/emu-36-3-release/hardware/google/gfxstream/host/gl/glestranslator/gles_v2/gles_v2_imp.cpp:glUniformMatrix3fv:4036 error 0x502
/Volumes/Android/buildbot/src/googleplex-android/emu-36-3-release/hardware/google/gfxstream/host/gl/glestranslator/gles_v2/gles_v2_imp.cpp:glUniform4fv:4004 error 0x502
/Volumes/Android/buildbot/src/googleplex-android/emu-36-3-release/hardware/google/gfxstream/host/gl/glestranslator/gles_v2/gles_v2_imp.cpp:glUniform4fv:4004 error 0x502
/Volumes/Android/buildbot/src/googleplex-android/emu-36-3-release/hardware/google/gfxstream/host/gl/glestranslator/gles_v2/gles_v2_imp.cpp:glUniform4fv:4004 error 0x502
/Volumes/Android/buildbot/src/googleplex-android/emu-36-3-release/hardware/google/gfxstream/host/gl/glestranslator/gles_v2/gles_v2_imp.cpp:glUniformMatrix3fv:4036 error 0x502
/Volumes/Android/buildbot/src/googleplex-android/emu-36-3-release/hardware/google/gfxstream/host/gl/glestranslator/gles_v2/gles_v2_imp.cpp:glUniform4f:3997 error 0x502
/Volumes/Android/buildbot/src/googleplex-android/emu-36-3-release/hardware/google/gfxstream/host/gl/glestranslator/gles_v2/gles_v2_imp.cpp:glUniform2f:3941 error 0x502
/Volumes/Android/buildbot/src/googleplex-android/emu-36-3-release/hardware/google/gfxstream/host/gl/glestranslator/gles_v2/gles_v2_imp.cpp:glUniform2f:3941 error 0x502
/Volumes/Android/buildbot/src/googleplex-android/emu-36-3-release/hardware/google/gfxstream/host/gl/glestranslator/gles_v2/gles_v2_imp.cpp:glUniform4fv:4004 error 0x502
/Volumes/Android/buildbot/src/googleplex-android/emu-36-3-release/hardware/google/gfxstream/host/gl/glestranslator/gles_v2/gles_v2_imp.cpp:glUniform4fv:4004 error 0x502
/Volumes/Android/buildbot/src/googleplex-android/emu-36-3-release/hardware/google/gfxstream/host/gl/glestranslator/gles_v2/gles_v2_imp.cpp:glUniform4fv:4004 error 0x502
/Volumes/Android/buildbot/src/googleplex-android/emu-36-3-release/hardware/google/gfxstream/host/gl/glestranslator/gles_v2/gles_v2_imp.cpp:glUniformMatrix3fv:4036 error 0x502
/Volumes/Android/buildbot/src/googleplex-android/emu-36-3-release/hardware/google/gfxstream/host/gl/glestranslator/gles_v2/gles_v2_imp.cpp:glUniform4fv:4004 error 0x502
/Volumes/Android/buildbot/src/googleplex-android/emu-36-3-release/hardware/google/gfxstream/host/gl/glestranslator/gles_v2/gles_v2_imp.cpp:glUniformMatrix3fv:4036 error 0x502
/Volumes/Android/buildbot/src/googleplex-android/emu-36-3-release/hardware/google/gfxstream/host/gl/glestranslator/gles_v2/gles_v2_imp.cpp:glUniformMatrix3fv:4036 error 0x502
glTexImage2D: got err pre :( 0x502 internal 0x8058 format 0x1908 type 0x1401
/Volumes/Android/buildbot/src/googleplex-android/emu-36-3-release/hardware/google/gfxstream/host/gl/glestranslator/gles_v2/gles_v2_imp.cpp:glUniform4fv:4004 error 0x502
/Volumes/Android/buildbot/src/googleplex-android/emu-36-3-release/hardware/google/gfxstream/host/gl/glestranslator/gles_v2/gles_v2_imp.cpp:glUniformMatrix3fv:4036 error 0x502
glTexImage2D: got err pre :( 0x502 internal 0x8058 format 0x1908 type 0x1401
/Volumes/Android/buildbot/src/googleplex-android/emu-36-3-release/hardware/google/gfxstream/host/gl/glestranslator/gles_v2/gles_v2_imp.cpp:glUniform4fv:4004 error 0x502
/Volumes/Android/buildbot/src/googleplex-android/emu-36-3-release/hardware/google/gfxstream/host/gl/glestranslator/gles_v2/gles_v2_imp.cpp:glUniform4fv:4004 error 0x502
/Volumes/Android/buildbot/src/googleplex-android/emu-36-3-release/hardware/google/gfxstream/host/gl/glestranslator/gles_v2/gles_v2_imp.cpp:glUniformMatrix3fv:4036 error 0x502
/Volumes/Android/buildbot/src/googleplex-android/emu-36-3-release/hardware/google/gfxstream/host/gl/glestranslator/gles_v2/gles_v2_imp.cpp:glUniform4f:3997 error 0x502
/Volumes/Android/buildbot/src/googleplex-android/emu-36-3-release/hardware/google/gfxstream/host/gl/glestranslator/gles_v2/gles_v2_imp.cpp:glUniform2f:3941 error 0x502
/Volumes/Android/buildbot/src/googleplex-android/emu-36-3-release/hardware/google/gfxstream/host/gl/glestranslator/gles_v2/gles_v2_imp.cpp:glUniform2f:3941 error 0x502
/Volumes/Android/buildbot/src/googleplex-android/emu-36-3-release/hardware/google/gfxstream/host/gl/glestranslator/gles_v2/gles_v2_imp.cpp:glUniform4fv:4004 error 0x502
/Volumes/Android/buildbot/src/googleplex-android/emu-36-3-release/hardware/google/gfxstream/host/gl/glestranslator/gles_v2/gles_v2_imp.cpp:glUniform4fv:4004 error 0x502
/Volumes/Android/buildbot/src/googleplex-android/emu-36-3-release/hardware/google/gfxstream/host/gl/glestranslator/gles_v2/gles_v2_imp.cpp:glUniform4fv:4004 error 0x502
/Volumes/Android/buildbot/src/googleplex-android/emu-36-3-release/hardware/google/gfxstream/host/gl/glestranslator/gles_v2/gles_v2_imp.cpp:glUniformMatrix3fv:4036 error 0x502
/Volumes/Android/buildbot/src/googleplex-android/emu-36-3-release/hardware/google/gfxstream/host/gl/glestranslator/gles_v2/gles_v2_imp.cpp:glUniform4fv:4004 error 0x502
/Volumes/Android/buildbot/src/googleplex-android/emu-36-3-release/hardware/google/gfxstream/host/gl/glestranslator/gles_v2/gles_v2_imp.cpp:glUniform4fv:4004 error 0x502
/Volumes/Android/buildbot/src/googleplex-android/emu-36-3-release/hardware/google/gfxstream/host/gl/glestranslator/gles_v2/gles_v2_imp.cpp:glUniform4fv:4004 error 0x502
/Volumes/Android/buildbot/src/googleplex-android/emu-36-3-release/hardware/google/gfxstream/host/gl/glestranslator/gles_v2/gles_v2_imp.cpp:glUniformMatrix3fv:4036 error 0x502
/Volumes/Android/buildbot/src/googleplex-android/emu-36-3-release/hardware/google/gfxstream/host/gl/glestranslator/gles_v2/gles_v2_imp.cpp:glUniform4f:3997 error 0x502
/Volumes/Android/buildbot/src/googleplex-android/emu-36-3-release/hardware/google/gfxstream/host/gl/glestranslator/gles_v2/gles_v2_imp.cpp:glUniform2f:3941 error 0x502
/Volumes/Android/buildbot/src/googleplex-android/emu-36-3-release/hardware/google/gfxstream/host/gl/glestranslator/gles_v2/gles_v2_imp.cpp:glUniform2f:3941 error 0x502
/Volumes/Android/buildbot/src/googleplex-android/emu-36-3-release/hardware/google/gfxstream/host/gl/glestranslator/gles_v2/gles_v2_imp.cpp:glUniform4fv:4004 error 0x502
/Volumes/Android/buildbot/src/googleplex-android/emu-36-3-release/hardware/google/gfxstream/host/gl/glestranslator/gles_v2/gles_v2_imp.cpp:glUniform4fv:4004 error 0x502
/Volumes/Android/buildbot/src/googleplex-android/emu-36-3-release/hardware/google/gfxstream/host/gl/glestranslator/gles_v2/gles_v2_imp.cpp:glUniform4fv:4004 error 0x502
/Volumes/Android/buildbot/src/googleplex-android/emu-36-3-release/hardware/google/gfxstream/host/gl/glestranslator/gles_v2/gles_v2_imp.cpp:glUniformMatrix3fv:4036 error 0x502
/Volumes/Android/buildbot/src/googleplex-android/emu-36-3-release/hardware/google/gfxstream/host/gl/glestranslator/gles_v2/gles_v2_imp.cpp:glUniform4fv:4004 error 0x502
glTexImage2D: got err pre :( 0x502 internal 0x8058 format 0x1908 type 0x1401
/Volumes/Android/buildbot/src/googleplex-android/emu-36-3-release/hardware/google/gfxstream/host/gl/glestranslator/gles_v2/gles_v2_imp.cpp:glUniform4fv:4004 error 0x502
/Volumes/Android/buildbot/src/googleplex-android/emu-36-3-release/hardware/google/gfxstream/host/gl/glestranslator/gles_v2/gles_v2_imp.cpp:glUniform4fv:4004 error 0x502
/Volumes/Android/buildbot/src/googleplex-android/emu-36-3-release/hardware/google/gfxstream/host/gl/glestranslator/gles_v2/gles_v2_imp.cpp:glUniformMatrix3fv:4036 error 0x502
/Volumes/Android/buildbot/src/googleplex-android/emu-36-3-release/hardware/google/gfxstream/host/gl/glestranslator/gles_v2/gles_v2_imp.cpp:glUniform4f:3997 error 0x502
/Volumes/Android/buildbot/src/googleplex-android/emu-36-3-release/hardware/google/gfxstream/host/gl/glestranslator/gles_v2/gles_v2_imp.cpp:glUniform2f:3941 error 0x502
/Volumes/Android/buildbot/src/googleplex-android/emu-36-3-release/hardware/google/gfxstream/host/gl/glestranslator/gles_v2/gles_v2_imp.cpp:glUniform2f:3941 error 0x502
/Volumes/Android/buildbot/src/googleplex-android/emu-36-3-release/hardware/google/gfxstream/host/gl/glestranslator/gles_v2/gles_v2_imp.cpp:glUniform4fv:4004 error 0x502
/Volumes/Android/buildbot/src/googleplex-android/emu-36-3-release/hardware/google/gfxstream/host/gl/glestranslator/gles_v2/gles_v2_imp.cpp:glUniform4fv:4004 error 0x502
/Volumes/Android/buildbot/src/googleplex-android/emu-36-3-release/hardware/google/gfxstream/host/gl/glestranslator/gles_v2/gles_v2_imp.cpp:glUniform4fv:4004 error 0x502
/Volumes/Android/buildbot/src/googleplex-android/emu-36-3-release/hardware/google/gfxstream/host/gl/glestranslator/gles_v2/gles_v2_imp.cpp:glUniformMatrix3fv:4036 error 0x502
/Volumes/Android/buildbot/src/googleplex-android/emu-36-3-release/hardware/google/gfxstream/host/gl/glestranslator/gles_v2/gles_v2_imp.cpp:glUniform4fv:4004 error 0x502
glTexImage2D: got err pre :( 0x502 internal 0x8058 format 0x1908 type 0x1401
/Volumes/Android/buildbot/src/googleplex-android/emu-36-3-release/hardware/google/gfxstream/host/gl/glestranslator/gles_v2/gles_v2_imp.cpp:glUniform4fv:4004 error 0x502
/Volumes/Android/buildbot/src/googleplex-android/emu-36-3-release/hardware/google/gfxstream/host/gl/glestranslator/gles_v2/gles_v2_imp.cpp:glUniform4fv:4004 error 0x502
/Volumes/Android/buildbot/src/googleplex-android/emu-36-3-release/hardware/google/gfxstream/host/gl/glestranslator/gles_v2/gles_v2_imp.cpp:glUniformMatrix3fv:4036 error 0x502
/Volumes/Android/buildbot/src/googleplex-android/emu-36-3-release/hardware/google/gfxstream/host/gl/glestranslator/gles_v2/gles_v2_imp.cpp:glUniform4f:3997 error 0x502
/Volumes/Android/buildbot/src/googleplex-android/emu-36-3-release/hardware/google/gfxstream/host/gl/glestranslator/gles_v2/gles_v2_imp.cpp:glUniform2f:3941 error 0x502
/Volumes/Android/buildbot/src/googleplex-android/emu-36-3-release/hardware/google/gfxstream/host/gl/glestranslator/gles_v2/gles_v2_imp.cpp:glUniform2f:3941 error 0x502
/Volumes/Android/buildbot/src/googleplex-android/emu-36-3-release/hardware/google/gfxstream/host/gl/glestranslator/gles_v2/gles_v2_imp.cpp:glUniform4fv:4004 error 0x502
/Volumes/Android/buildbot/src/googleplex-android/emu-36-3-release/hardware/google/gfxstream/host/gl/glestranslator/gles_v2/gles_v2_imp.cpp:glUniform4fv:4004 error 0x502
/Volumes/Android/buildbot/src/googleplex-android/emu-36-3-release/hardware/google/gfxstream/host/gl/glestranslator/gles_v2/gles_v2_imp.cpp:glUniform4fv:4004 error 0x502
/Volumes/Android/buildbot/src/googleplex-android/emu-36-3-release/hardware/google/gfxstream/host/gl/glestranslator/gles_v2/gles_v2_imp.cpp:glUniformMatrix3fv:4036 error 0x502
/Volumes/Android/buildbot/src/googleplex-android/emu-36-3-release/hardware/google/gfxstream/host/gl/glestranslator/gles_v2/gles_v2_imp.cpp:glUniform4fv:4004 error 0x502
/Volumes/Android/buildbot/src/googleplex-android/emu-36-3-release/hardware/google/gfxstream/host/gl/glestranslator/gles_v2/gles_v2_imp.cpp:glUniform4fv:4004 error 0x502
/Volumes/Android/buildbot/src/googleplex-android/emu-36-3-release/hardware/google/gfxstream/host/gl/glestranslator/gles_v2/gles_v2_imp.cpp:glUniform4fv:4004 error 0x502
/Volumes/Android/buildbot/src/googleplex-android/emu-36-3-release/hardware/google/gfxstream/host/gl/glestranslator/gles_v2/gles_v2_imp.cpp:glUniformMatrix3fv:4036 error 0x502
/Volumes/Android/buildbot/src/googleplex-android/emu-36-3-release/hardware/google/gfxstream/host/gl/glestranslator/gles_v2/gles_v2_imp.cpp:glUniform4f:3997 error 0x502
/Volumes/Android/buildbot/src/googleplex-android/emu-36-3-release/hardware/google/gfxstream/host/gl/glestranslator/gles_v2/gles_v2_imp.cpp:glUniform2f:3941 error 0x502
/Volumes/Android/buildbot/src/googleplex-android/emu-36-3-release/hardware/google/gfxstream/host/gl/glestranslator/gles_v2/gles_v2_imp.cpp:glUniform2f:3941 error 0x502
/Volumes/Android/buildbot/src/googleplex-android/emu-36-3-release/hardware/google/gfxstream/host/gl/glestranslator/gles_v2/gles_v2_imp.cpp:glUniform4fv:4004 error 0x502
/Volumes/Android/buildbot/src/googleplex-android/emu-36-3-release/hardware/google/gfxstream/host/gl/glestranslator/gles_v2/gles_v2_imp.cpp:glUniform4fv:4004 error 0x502
/Volumes/Android/buildbot/src/googleplex-android/emu-36-3-release/hardware/google/gfxstream/host/gl/glestranslator/gles_v2/gles_v2_imp.cpp:glUniform4fv:4004 error 0x502
/Volumes/Android/buildbot/src/googleplex-android/emu-36-3-release/hardware/google/gfxstream/host/gl/glestranslator/gles_v2/gles_v2_imp.cpp:glUniformMatrix3fv:4036 error 0x502
/Volumes/Android/buildbot/src/googleplex-android/emu-36-3-release/hardware/google/gfxstream/host/gl/glestranslator/gles_v2/gles_v2_imp.cpp:glUniform4fv:4004 error 0x502
/Volumes/Android/buildbot/src/googleplex-android/emu-36-3-release/hardware/google/gfxstream/host/gl/glestranslator/gles_v2/gles_v2_imp.cpp:glUniform4fv:4004 error 0x502
/Volumes/Android/buildbot/src/googleplex-android/emu-36-3-release/hardware/google/gfxstream/host/gl/glestranslator/gles_v2/gles_v2_imp.cpp:glUniform4fv:4004 error 0x502
/Volumes/Android/buildbot/src/googleplex-android/emu-36-3-release/hardware/google/gfxstream/host/gl/glestranslator/gles_v2/gles_v2_imp.cpp:glUniformMatrix3fv:4036 error 0x502
/Volumes/Android/buildbot/src/googleplex-android/emu-36-3-release/hardware/google/gfxstream/host/gl/glestranslator/gles_v2/gles_v2_imp.cpp:glUniform4f:3997 error 0x502
/Volumes/Android/buildbot/src/googleplex-android/emu-36-3-release/hardware/google/gfxstream/host/gl/glestranslator/gles_v2/gles_v2_imp.cpp:glUniform2f:3941 error 0x502
/Volumes/Android/buildbot/src/googleplex-android/emu-36-3-release/hardware/google/gfxstream/host/gl/glestranslator/gles_v2/gles_v2_imp.cpp:glUniform2f:3941 error 0x502
/Volumes/Android/buildbot/src/googleplex-android/emu-36-3-release/hardware/google/gfxstream/host/gl/glestranslator/gles_v2/gles_v2_imp.cpp:glUniform4fv:4004 error 0x502
/Volumes/Android/buildbot/src/googleplex-android/emu-36-3-release/hardware/google/gfxstream/host/gl/glestranslator/gles_v2/gles_v2_imp.cpp:glUniform4fv:4004 error 0x502
/Volumes/Android/buildbot/src/googleplex-android/emu-36-3-release/hardware/google/gfxstream/host/gl/glestranslator/gles_v2/gles_v2_imp.cpp:glUniform4fv:4004 error 0x502
/Volumes/Android/buildbot/src/googleplex-android/emu-36-3-release/hardware/google/gfxstream/host/gl/glestranslator/gles_v2/gles_v2_imp.cpp:glUniformMatrix3fv:4036 error 0x502
/Volumes/Android/buildbot/src/googleplex-android/emu-36-3-release/hardware/google/gfxstream/host/gl/glestranslator/gles_v2/gles_v2_imp.cpp:glUniform4fv:4004 error 0x502
/Volumes/Android/buildbot/src/googleplex-android/emu-36-3-release/hardware/google/gfxstream/host/gl/glestranslator/gles_v2/gles_v2_imp.cpp:glUniform4fv:4004 error 0x502
/Volumes/Android/buildbot/src/googleplex-android/emu-36-3-release/hardware/google/gfxstream/host/gl/glestranslator/gles_v2/gles_v2_imp.cpp:glUniform4fv:4004 error 0x502
/Volumes/Android/buildbot/src/googleplex-android/emu-36-3-release/hardware/google/gfxstream/host/gl/glestranslator/gles_v2/gles_v2_imp.cpp:glUniformMatrix3fv:4036 error 0x502
/Volumes/Android/buildbot/src/googleplex-android/emu-36-3-release/hardware/google/gfxstream/host/gl/glestranslator/gles_v2/gles_v2_imp.cpp:glUniform4f:3997 error 0x502
/Volumes/Android/buildbot/src/googleplex-android/emu-36-3-release/hardware/google/gfxstream/host/gl/glestranslator/gles_v2/gles_v2_imp.cpp:glUniform2f:3941 error 0x502
/Volumes/Android/buildbot/src/googleplex-android/emu-36-3-release/hardware/google/gfxstream/host/gl/glestranslator/gles_v2/gles_v2_imp.cpp:glUniform2f:3941 error 0x502
/Volumes/Android/buildbot/src/googleplex-android/emu-36-3-release/hardware/google/gfxstream/host/gl/glestranslator/gles_v2/gles_v2_imp.cpp:glUniform4fv:4004 error 0x502
/Volumes/Android/buildbot/src/googleplex-android/emu-36-3-release/hardware/google/gfxstream/host/gl/glestranslator/gles_v2/gles_v2_imp.cpp:glUniform4fv:4004 error 0x502
/Volumes/Android/buildbot/src/googleplex-android/emu-36-3-release/hardware/google/gfxstream/host/gl/glestranslator/gles_v2/gles_v2_imp.cpp:glUniform4fv:4004 error 0x502
/Volumes/Android/buildbot/src/googleplex-android/emu-36-3-release/hardware/google/gfxstream/host/gl/glestranslator/gles_v2/gles_v2_imp.cpp:glUniformMatrix3fv:4036 error 0x502
/Volumes/Android/buildbot/src/googleplex-android/emu-36-3-release/hardware/google/gfxstream/host/gl/glestranslator/gles_v2/gles_v2_imp.cpp:glUniform4fv:4004 error 0x502
/Volumes/Android/buildbot/src/googleplex-android/emu-36-3-release/hardware/google/gfxstream/host/gl/glestranslator/gles_v2/gles_v2_imp.cpp:glUniformMatrix3fv:4036 error 0x502
glTexImage2D: got err pre :( 0x502 internal 0x8229 format 0x1903 type 0x1401
/Volumes/Android/buildbot/src/googleplex-android/emu-36-3-release/hardware/google/gfxstream/host/gl/glestranslator/gles_v2/gles_v2_imp.cpp:glUniformMatrix3fv:4036 error 0x502
/Volumes/Android/buildbot/src/googleplex-android/emu-36-3-release/hardware/google/gfxstream/host/gl/glestranslator/gles_v2/gles_v2_imp.cpp:glUniformMatrix3fv:4036 error 0x502
/Volumes/Android/buildbot/src/googleplex-android/emu-36-3-release/hardware/google/gfxstream/host/gl/glestranslator/gles_v2/gles_v2_imp.cpp:glUniformMatrix3fv:4036 error 0x502
/Volumes/Android/buildbot/src/googleplex-android/emu-36-3-release/hardware/google/gfxstream/host/gl/glestranslator/gles_v2/gles_v2_imp.cpp:glUniformMatrix3fv:4036 error 0x502
/Volumes/Android/buildbot/src/googleplex-android/emu-36-3-release/hardware/google/gfxstream/host/gl/glestranslator/gles_v2/gles_v2_imp.cpp:glUniformMatrix3fv:4036 error 0x502
/Volumes/Android/buildbot/src/googleplex-android/emu-36-3-release/hardware/google/gfxstream/host/gl/glestranslator/gles_v2/gles_v2_imp.cpp:glUniformMatrix3fv:4036 error 0x502
/Volumes/Android/buildbot/src/googleplex-android/emu-36-3-release/hardware/google/gfxstream/host/gl/glestranslator/gles_v2/gles_v2_imp.cpp:glUniformMatrix3fv:4036 error 0x502
/Volumes/Android/buildbot/src/googleplex-android/emu-36-3-release/hardware/google/gfxstream/host/gl/glestranslator/gles_v2/gles_v2_imp.cpp:glUniformMatrix3fv:4036 error 0x502
/Volumes/Android/buildbot/src/googleplex-android/emu-36-3-release/hardware/google/gfxstream/host/gl/glestranslator/gles_v2/gles_v2_imp.cpp:glUniformMatrix3fv:4036 error 0x502
/Volumes/Android/buildbot/src/googleplex-android/emu-36-3-release/hardware/google/gfxstream/host/gl/glestranslator/gles_v2/gles_v2_imp.cpp:glUniformMatrix3fv:4036 error 0x502
/Volumes/Android/buildbot/src/googleplex-android/emu-36-3-release/hardware/google/gfxstream/host/gl/glestranslator/gles_v2/gles_v2_imp.cpp:glUniformMatrix3fv:4036 error 0x502
/Volumes/Android/buildbot/src/googleplex-android/emu-36-3-release/hardware/google/gfxstream/host/gl/glestranslator/gles_v2/gles_v2_imp.cpp:glUniformMatrix3fv:4036 error 0x502
/Volumes/Android/buildbot/src/googleplex-android/emu-36-3-release/hardware/google/gfxstream/host/gl/glestranslator/gles_v2/gles_v2_imp.cpp:glUniform4fv:4004 error 0x502
/Volumes/Android/buildbot/src/googleplex-android/emu-36-3-release/hardware/google/gfxstream/host/gl/glestranslator/gles_v2/gles_v2_imp.cpp:glUniform4fv:4004 error 0x502
/Volumes/Android/buildbot/src/googleplex-android/emu-36-3-release/hardware/google/gfxstream/host/gl/glestranslator/gles_v2/gles_v2_imp.cpp:glUniformMatrix3fv:4036 error 0x502
/Volumes/Android/buildbot/src/googleplex-android/emu-36-3-release/hardware/google/gfxstream/host/gl/glestranslator/gles_v2/gles_v2_imp.cpp:glUniform4f:3997 error 0x502
/Volumes/Android/buildbot/src/googleplex-android/emu-36-3-release/hardware/google/gfxstream/host/gl/glestranslator/gles_v2/gles_v2_imp.cpp:glUniform2f:3941 error 0x502
/Volumes/Android/buildbot/src/googleplex-android/emu-36-3-release/hardware/google/gfxstream/host/gl/glestranslator/gles_v2/gles_v2_imp.cpp:glUniform2f:3941 error 0x502
/Volumes/Android/buildbot/src/googleplex-android/emu-36-3-release/hardware/google/gfxstream/host/gl/glestranslator/gles_v2/gles_v2_imp.cpp:glUniform4fv:4004 error 0x502
/Volumes/Android/buildbot/src/googleplex-android/emu-36-3-release/hardware/google/gfxstream/host/gl/glestranslator/gles_v2/gles_v2_imp.cpp:glUniform4fv:4004 error 0x502
/Volumes/Android/buildbot/src/googleplex-android/emu-36-3-release/hardware/google/gfxstream/host/gl/glestranslator/gles_v2/gles_v2_imp.cpp:glUniform4fv:4004 error 0x502
/Volumes/Android/buildbot/src/googleplex-android/emu-36-3-release/hardware/google/gfxstream/host/gl/glestranslator/gles_v2/gles_v2_imp.cpp:glUniformMatrix3fv:4036 error 0x502
/Volumes/Android/buildbot/src/googleplex-android/emu-36-3-release/hardware/google/gfxstream/host/gl/glestranslator/gles_v2/gles_v2_imp.cpp:glUniform4fv:4004 error 0x502
/Volumes/Android/buildbot/src/googleplex-android/emu-36-3-release/hardware/google/gfxstream/host/gl/glestranslator/gles_v2/gles_v2_imp.cpp:glUniformMatrix3fv:4036 error 0x502
/Volumes/Android/buildbot/src/googleplex-android/emu-36-3-release/hardware/google/gfxstream/host/gl/glestranslator/gles_v2/gles_v2_imp.cpp:glUniformMatrix3fv:4036 error 0x502
/Volumes/Android/buildbot/src/googleplex-android/emu-36-3-release/hardware/google/gfxstream/host/gl/glestranslator/gles_v2/gles_v2_imp.cpp:glUniformMatrix3fv:4036 error 0x502
/Volumes/Android/buildbot/src/googleplex-android/emu-36-3-release/hardware/google/gfxstream/host/gl/glestranslator/gles_v2/gles_v2_imp.cpp:glUniformMatrix3fv:4036 error 0x502
/Volumes/Android/buildbot/src/googleplex-android/emu-36-3-release/hardware/google/gfxstream/host/gl/glestranslator/gles_v2/gles_v2_imp.cpp:glUniformMatrix3fv:4036 error 0x502
/Volumes/Android/buildbot/src/googleplex-android/emu-36-3-release/hardware/google/gfxstream/host/gl/glestranslator/gles_v2/gles_v2_imp.cpp:glUniformMatrix3fv:4036 error 0x502
/Volumes/Android/buildbot/src/googleplex-android/emu-36-3-release/hardware/google/gfxstream/host/gl/glestranslator/gles_v2/gles_v2_imp.cpp:glUniformMatrix3fv:4036 error 0x502
glTexImage2D: got err pre :( 0x502 internal 0x8058 format 0x1908 type 0x1401
/Volumes/Android/buildbot/src/googleplex-android/emu-36-3-release/hardware/google/gfxstream/host/gl/glestranslator/gles_v2/gles_v2_imp.cpp:glUniform4fv:4004 error 0x502
/Volumes/Android/buildbot/src/googleplex-android/emu-36-3-release/hardware/google/gfxstream/host/gl/glestranslator/gles_v2/gles_v2_imp.cpp:glUniform4fv:4004 error 0x502
/Volumes/Android/buildbot/src/googleplex-android/emu-36-3-release/hardware/google/gfxstream/host/gl/glestranslator/gles_v2/gles_v2_imp.cpp:glUniform4fv:4004 error 0x502
/Volumes/Android/buildbot/src/googleplex-android/emu-36-3-release/hardware/google/gfxstream/host/gl/glestranslator/gles_v2/gles_v2_imp.cpp:glUniformMatrix3fv:4036 error 0x502
/Volumes/Android/buildbot/src/googleplex-android/emu-36-3-release/hardware/google/gfxstream/host/gl/glestranslator/gles_v2/gles_v2_imp.cpp:glUniform4f:3997 error 0x502
/Volumes/Android/buildbot/src/googleplex-android/emu-36-3-release/hardware/google/gfxstream/host/gl/glestranslator/gles_v2/gles_v2_imp.cpp:glUniform2f:3941 error 0x502
/Volumes/Android/buildbot/src/googleplex-android/emu-36-3-release/hardware/google/gfxstream/host/gl/glestranslator/gles_v2/gles_v2_imp.cpp:glUniform2f:3941 error 0x502
/Volumes/Android/buildbot/src/googleplex-android/emu-36-3-release/hardware/google/gfxstream/host/gl/glestranslator/gles_v2/gles_v2_imp.cpp:glUniform4fv:4004 error 0x502
/Volumes/Android/buildbot/src/googleplex-android/emu-36-3-release/hardware/google/gfxstream/host/gl/glestranslator/gles_v2/gles_v2_imp.cpp:glUniform4fv:4004 error 0x502
/Volumes/Android/buildbot/src/googleplex-android/emu-36-3-release/hardware/google/gfxstream/host/gl/glestranslator/gles_v2/gles_v2_imp.cpp:glUniform4fv:4004 error 0x502
/Volumes/Android/buildbot/src/googleplex-android/emu-36-3-release/hardware/google/gfxstream/host/gl/glestranslator/gles_v2/gles_v2_imp.cpp:glUniformMatrix3fv:4036 error 0x502
/Volumes/Android/buildbot/src/googleplex-android/emu-36-3-release/hardware/google/gfxstream/host/gl/glestranslator/gles_v2/gles_v2_imp.cpp:glUniform4fv:4004 error 0x502
/Volumes/Android/buildbot/src/googleplex-android/emu-36-3-release/hardware/google/gfxstream/host/gl/glestranslator/gles_v2/gles_v2_imp.cpp:glUniform4fv:4004 error 0x502
/Volumes/Android/buildbot/src/googleplex-android/emu-36-3-release/hardware/google/gfxstream/host/gl/glestranslator/gles_v2/gles_v2_imp.cpp:glUniform4fv:4004 error 0x502
/Volumes/Android/buildbot/src/googleplex-android/emu-36-3-release/hardware/google/gfxstream/host/gl/glestranslator/gles_v2/gles_v2_imp.cpp:glUniformMatrix3fv:4036 error 0x502
/Volumes/Android/buildbot/src/googleplex-android/emu-36-3-release/hardware/google/gfxstream/host/gl/glestranslator/gles_v2/gles_v2_imp.cpp:glUniform4f:3997 error 0x502
/Volumes/Android/buildbot/src/googleplex-android/emu-36-3-release/hardware/google/gfxstream/host/gl/glestranslator/gles_v2/gles_v2_imp.cpp:glUniform2f:3941 error 0x502
/Volumes/Android/buildbot/src/googleplex-android/emu-36-3-release/hardware/google/gfxstream/host/gl/glestranslator/gles_v2/gles_v2_imp.cpp:glUniform2f:3941 error 0x502
/Volumes/Android/buildbot/src/googleplex-android/emu-36-3-release/hardware/google/gfxstream/host/gl/glestranslator/gles_v2/gles_v2_imp.cpp:glUniform4fv:4004 error 0x502
/Volumes/Android/buildbot/src/googleplex-android/emu-36-3-release/hardware/google/gfxstream/host/gl/glestranslator/gles_v2/gles_v2_imp.cpp:glUniform4fv:4004 error 0x502
/Volumes/Android/buildbot/src/googleplex-android/emu-36-3-release/hardware/google/gfxstream/host/gl/glestranslator/gles_v2/gles_v2_imp.cpp:glUniform4fv:4004 error 0x502
/Volumes/Android/buildbot/src/googleplex-android/emu-36-3-release/hardware/google/gfxstream/host/gl/glestranslator/gles_v2/gles_v2_imp.cpp:glUniformMatrix3fv:4036 error 0x502
/Volumes/Android/buildbot/src/googleplex-android/emu-36-3-release/hardware/google/gfxstream/host/gl/glestranslator/gles_v2/gles_v2_imp.cpp:glUniform4fv:4004 error 0x502
glTexImage2D: got err pre :( 0x502 internal 0x8058 format 0x1908 type 0x1401
/Volumes/Android/buildbot/src/googleplex-android/emu-36-3-release/hardware/google/gfxstream/host/gl/glestranslator/gles_v2/gles_v2_imp.cpp:glUniform4fv:4004 error 0x502
/Volumes/Android/buildbot/src/googleplex-android/emu-36-3-release/hardware/google/gfxstream/host/gl/glestranslator/gles_v2/gles_v2_imp.cpp:glUniform4fv:4004 error 0x502
/Volumes/Android/buildbot/src/googleplex-android/emu-36-3-release/hardware/google/gfxstream/host/gl/glestranslator/gles_v2/gles_v2_imp.cpp:glUniform4fv:4004 error 0x502
/Volumes/Android/buildbot/src/googleplex-android/emu-36-3-release/hardware/google/gfxstream/host/gl/glestranslator/gles_v2/gles_v2_imp.cpp:glUniform4fv:4004 error 0x502
/Volumes/Android/buildbot/src/googleplex-android/emu-36-3-release/hardware/google/gfxstream/host/gl/glestranslator/gles_v2/gles_v2_imp.cpp:glUniform4fv:4004 error 0x502
/Volumes/Android/buildbot/src/googleplex-android/emu-36-3-release/hardware/google/gfxstream/host/gl/glestranslator/gles_v2/gles_v2_imp.cpp:glUniform4fv:4004 error 0x502
/Volumes/Android/buildbot/src/googleplex-android/emu-36-3-release/hardware/google/gfxstream/host/gl/glestranslator/gles_v2/gles_v2_imp.cpp:glUniformMatrix3fv:4036 error 0x502
/Volumes/Android/buildbot/src/googleplex-android/emu-36-3-release/hardware/google/gfxstream/host/gl/glestranslator/gles_v2/gles_v2_imp.cpp:glUniform4f:3997 error 0x502
/Volumes/Android/buildbot/src/googleplex-android/emu-36-3-release/hardware/google/gfxstream/host/gl/glestranslator/gles_v2/gles_v2_imp.cpp:glUniform2f:3941 error 0x502
/Volumes/Android/buildbot/src/googleplex-android/emu-36-3-release/hardware/google/gfxstream/host/gl/glestranslator/gles_v2/gles_v2_imp.cpp:glUniform2f:3941 error 0x502
/Volumes/Android/buildbot/src/googleplex-android/emu-36-3-release/hardware/google/gfxstream/host/gl/glestranslator/gles_v2/gles_v2_imp.cpp:glUniform4fv:4004 error 0x502
/Volumes/Android/buildbot/src/googleplex-android/emu-36-3-release/hardware/google/gfxstream/host/gl/glestranslator/gles_v2/gles_v2_imp.cpp:glUniform4fv:4004 error 0x502
/Volumes/Android/buildbot/src/googleplex-android/emu-36-3-release/hardware/google/gfxstream/host/gl/glestranslator/gles_v2/gles_v2_imp.cpp:glUniform4fv:4004 error 0x502
/Volumes/Android/buildbot/src/googleplex-android/emu-36-3-release/hardware/google/gfxstream/host/gl/glestranslator/gles_v2/gles_v2_imp.cpp:glUniformMatrix3fv:4036 error 0x502
/Volumes/Android/buildbot/src/googleplex-android/emu-36-3-release/hardware/google/gfxstream/host/gl/glestranslator/gles_v2/gles_v2_imp.cpp:glUniform4fv:4004 error 0x502
/Volumes/Android/buildbot/src/googleplex-android/emu-36-3-release/hardware/google/gfxstream/host/gl/glestranslator/gles_v2/gles_v2_imp.cpp:glUniform4fv:4004 error 0x502
/Volumes/Android/buildbot/src/googleplex-android/emu-36-3-release/hardware/google/gfxstream/host/gl/glestranslator/gles_v2/gles_v2_imp.cpp:glUniform4fv:4004 error 0x502
/Volumes/Android/buildbot/src/googleplex-android/emu-36-3-release/hardware/google/gfxstream/host/gl/glestranslator/gles_v2/gles_v2_imp.cpp:glUniformMatrix3fv:4036 error 0x502
/Volumes/Android/buildbot/src/googleplex-android/emu-36-3-release/hardware/google/gfxstream/host/gl/glestranslator/gles_v2/gles_v2_imp.cpp:glUniform4f:3997 error 0x502
/Volumes/Android/buildbot/src/googleplex-android/emu-36-3-release/hardware/google/gfxstream/host/gl/glestranslator/gles_v2/gles_v2_imp.cpp:glUniform2f:3941 error 0x502
/Volumes/Android/buildbot/src/googleplex-android/emu-36-3-release/hardware/google/gfxstream/host/gl/glestranslator/gles_v2/gles_v2_imp.cpp:glUniform2f:3941 error 0x502
/Volumes/Android/buildbot/src/googleplex-android/emu-36-3-release/hardware/google/gfxstream/host/gl/glestranslator/gles_v2/gles_v2_imp.cpp:glUniform4fv:4004 error 0x502
/Volumes/Android/buildbot/src/googleplex-android/emu-36-3-release/hardware/google/gfxstream/host/gl/glestranslator/gles_v2/gles_v2_imp.cpp:glUniform4fv:4004 error 0x502
/Volumes/Android/buildbot/src/googleplex-android/emu-36-3-release/hardware/google/gfxstream/host/gl/glestranslator/gles_v2/gles_v2_imp.cpp:glUniform4fv:4004 error 0x502
/Volumes/Android/buildbot/src/googleplex-android/emu-36-3-release/hardware/google/gfxstream/host/gl/glestranslator/gles_v2/gles_v2_imp.cpp:glUniformMatrix3fv:4036 error 0x502
/Volumes/Android/buildbot/src/googleplex-android/emu-36-3-release/hardware/google/gfxstream/host/gl/glestranslator/gles_v2/gles_v2_imp.cpp:glUniform4fv:4004 error 0x502
/Volumes/Android/buildbot/src/googleplex-android/emu-36-3-release/hardware/google/gfxstream/host/gl/glestranslator/gles_v2/gles_v2_imp.cpp:glUniform4fv:4004 error 0x502
/Volumes/Android/buildbot/src/googleplex-android/emu-36-3-release/hardware/google/gfxstream/host/gl/glestranslator/gles_v2/gles_v2_imp.cpp:glUniform4fv:4004 error 0x502
/Volumes/Android/buildbot/src/googleplex-android/emu-36-3-release/hardware/google/gfxstream/host/gl/glestranslator/gles_v2/gles_v2_imp.cpp:glUniformMatrix3fv:4036 error 0x502
/Volumes/Android/buildbot/src/googleplex-android/emu-36-3-release/hardware/google/gfxstream/host/gl/glestranslator/gles_v2/gles_v2_imp.cpp:glUniform4f:3997 error 0x502
/Volumes/Android/buildbot/src/googleplex-android/emu-36-3-release/hardware/google/gfxstream/host/gl/glestranslator/gles_v2/gles_v2_imp.cpp:glUniform2f:3941 error 0x502
/Volumes/Android/buildbot/src/googleplex-android/emu-36-3-release/hardware/google/gfxstream/host/gl/glestranslator/gles_v2/gles_v2_imp.cpp:glUniform2f:3941 error 0x502
/Volumes/Android/buildbot/src/googleplex-android/emu-36-3-release/hardware/google/gfxstream/host/gl/glestranslator/gles_v2/gles_v2_imp.cpp:glUniform4fv:4004 error 0x502
/Volumes/Android/buildbot/src/googleplex-android/emu-36-3-release/hardware/google/gfxstream/host/gl/glestranslator/gles_v2/gles_v2_imp.cpp:glUniform4fv:4004 error 0x502
/Volumes/Android/buildbot/src/googleplex-android/emu-36-3-release/hardware/google/gfxstream/host/gl/glestranslator/gles_v2/gles_v2_imp.cpp:glUniform4fv:4004 error 0x502
/Volumes/Android/buildbot/src/googleplex-android/emu-36-3-release/hardware/google/gfxstream/host/gl/glestranslator/gles_v2/gles_v2_imp.cpp:glUniformMatrix3fv:4036 error 0x502
/Volumes/Android/buildbot/src/googleplex-android/emu-36-3-release/hardware/google/gfxstream/host/gl/glestranslator/gles_v2/gles_v2_imp.cpp:glUniform4fv:4004 error 0x502
/Volumes/Android/buildbot/src/googleplex-android/emu-36-3-release/hardware/google/gfxstream/host/gl/glestranslator/gles_v2/gles_v2_imp.cpp:glUniform4fv:4004 error 0x502
/Volumes/Android/buildbot/src/googleplex-android/emu-36-3-release/hardware/google/gfxstream/host/gl/glestranslator/gles_v2/gles_v2_imp.cpp:glUniform4fv:4004 error 0x502
/Volumes/Android/buildbot/src/googleplex-android/emu-36-3-release/hardware/google/gfxstream/host/gl/glestranslator/gles_v2/gles_v2_imp.cpp:glUniformMatrix3fv:4036 error 0x502
/Volumes/Android/buildbot/src/googleplex-android/emu-36-3-release/hardware/google/gfxstream/host/gl/glestranslator/gles_v2/gles_v2_imp.cpp:glUniform4f:3997 error 0x502
/Volumes/Android/buildbot/src/googleplex-android/emu-36-3-release/hardware/google/gfxstream/host/gl/glestranslator/gles_v2/gles_v2_imp.cpp:glUniform2f:3941 error 0x502
/Volumes/Android/buildbot/src/googleplex-android/emu-36-3-release/hardware/google/gfxstream/host/gl/glestranslator/gles_v2/gles_v2_imp.cpp:glUniform2f:3941 error 0x502
/Volumes/Android/buildbot/src/googleplex-android/emu-36-3-release/hardware/google/gfxstream/host/gl/glestranslator/gles_v2/gles_v2_imp.cpp:glUniform4fv:4004 error 0x502
/Volumes/Android/buildbot/src/googleplex-android/emu-36-3-release/hardware/google/gfxstream/host/gl/glestranslator/gles_v2/gles_v2_imp.cpp:glUniform4fv:4004 error 0x502
/Volumes/Android/buildbot/src/googleplex-android/emu-36-3-release/hardware/google/gfxstream/host/gl/glestranslator/gles_v2/gles_v2_imp.cpp:glUniform4fv:4004 error 0x502
/Volumes/Android/buildbot/src/googleplex-android/emu-36-3-release/hardware/google/gfxstream/host/gl/glestranslator/gles_v2/gles_v2_imp.cpp:glUniformMatrix3fv:4036 error 0x502
/Volumes/Android/buildbot/src/googleplex-android/emu-36-3-release/hardware/google/gfxstream/host/gl/glestranslator/gles_v2/gles_v2_imp.cpp:glUniform4fv:4004 error 0x502
/Volumes/Android/buildbot/src/googleplex-android/emu-36-3-release/hardware/google/gfxstream/host/gl/glestranslator/gles_v2/gles_v2_imp.cpp:glUniform4fv:4004 error 0x502
/Volumes/Android/buildbot/src/googleplex-android/emu-36-3-release/hardware/google/gfxstream/host/gl/glestranslator/gles_v2/gles_v2_imp.cpp:glUniform4fv:4004 error 0x502
/Volumes/Android/buildbot/src/googleplex-android/emu-36-3-release/hardware/google/gfxstream/host/gl/glestranslator/gles_v2/gles_v2_imp.cpp:glUniformMatrix3fv:4036 error 0x502
/Volumes/Android/buildbot/src/googleplex-android/emu-36-3-release/hardware/google/gfxstream/host/gl/glestranslator/gles_v2/gles_v2_imp.cpp:glUniform4f:3997 error 0x502
/Volumes/Android/buildbot/src/googleplex-android/emu-36-3-release/hardware/google/gfxstream/host/gl/glestranslator/gles_v2/gles_v2_imp.cpp:glUniform2f:3941 error 0x502
/Volumes/Android/buildbot/src/googleplex-android/emu-36-3-release/hardware/google/gfxstream/host/gl/glestranslator/gles_v2/gles_v2_imp.cpp:glUniform2f:3941 error 0x502
/Volumes/Android/buildbot/src/googleplex-android/emu-36-3-release/hardware/google/gfxstream/host/gl/glestranslator/gles_v2/gles_v2_imp.cpp:glUniform4fv:4004 error 0x502
/Volumes/Android/buildbot/src/googleplex-android/emu-36-3-release/hardware/google/gfxstream/host/gl/glestranslator/gles_v2/gles_v2_imp.cpp:glUniform4fv:4004 error 0x502
/Volumes/Android/buildbot/src/googleplex-android/emu-36-3-release/hardware/google/gfxstream/host/gl/glestranslator/gles_v2/gles_v2_imp.cpp:glUniform4fv:4004 error 0x502
/Volumes/Android/buildbot/src/googleplex-android/emu-36-3-release/hardware/google/gfxstream/host/gl/glestranslator/gles_v2/gles_v2_imp.cpp:glUniformMatrix3fv:4036 error 0x502
/Volumes/Android/buildbot/src/googleplex-android/emu-36-3-release/hardware/google/gfxstream/host/gl/glestranslator/gles_v2/gles_v2_imp.cpp:glUniform4fv:4004 error 0x502
/Volumes/Android/buildbot/src/googleplex-android/emu-36-3-release/hardware/google/gfxstream/host/gl/glestranslator/gles_v2/gles_v2_imp.cpp:glUniform4fv:4004 error 0x502
/Volumes/Android/buildbot/src/googleplex-android/emu-36-3-release/hardware/google/gfxstream/host/gl/glestranslator/gles_v2/gles_v2_imp.cpp:glUniform4fv:4004 error 0x502
/Volumes/Android/buildbot/src/googleplex-android/emu-36-3-release/hardware/google/gfxstream/host/gl/glestranslator/gles_v2/gles_v2_imp.cpp:glUniformMatrix3fv:4036 error 0x502
/Volumes/Android/buildbot/src/googleplex-android/emu-36-3-release/hardware/google/gfxstream/host/gl/glestranslator/gles_v2/gles_v2_imp.cpp:glUniform4f:3997 error 0x502
/Volumes/Android/buildbot/src/googleplex-android/emu-36-3-release/hardware/google/gfxstream/host/gl/glestranslator/gles_v2/gles_v2_imp.cpp:glUniform2f:3941 error 0x502
/Volumes/Android/buildbot/src/googleplex-android/emu-36-3-release/hardware/google/gfxstream/host/gl/glestranslator/gles_v2/gles_v2_imp.cpp:glUniform2f:3941 error 0x502
/Volumes/Android/buildbot/src/googleplex-android/emu-36-3-release/hardware/google/gfxstream/host/gl/glestranslator/gles_v2/gles_v2_imp.cpp:glUniform4fv:4004 error 0x502
/Volumes/Android/buildbot/src/googleplex-android/emu-36-3-release/hardware/google/gfxstream/host/gl/glestranslator/gles_v2/gles_v2_imp.cpp:glUniform4fv:4004 error 0x502
/Volumes/Android/buildbot/src/googleplex-android/emu-36-3-release/hardware/google/gfxstream/host/gl/glestranslator/gles_v2/gles_v2_imp.cpp:glUniform4fv:4004 error 0x502
/Volumes/Android/buildbot/src/googleplex-android/emu-36-3-release/hardware/google/gfxstream/host/gl/glestranslator/gles_v2/gles_v2_imp.cpp:glUniformMatrix3fv:4036 error 0x502
/Volumes/Android/buildbot/src/googleplex-android/emu-36-3-release/hardware/google/gfxstream/host/gl/glestranslator/gles_v2/gles_v2_imp.cpp:glUniform4fv:4004 error 0x502
/Volumes/Android/buildbot/src/googleplex-android/emu-36-3-release/hardware/google/gfxstream/host/gl/glestranslator/gles_v2/gles_v2_imp.cpp:glUniform4fv:4004 error 0x502
/Volumes/Android/buildbot/src/googleplex-android/emu-36-3-release/hardware/google/gfxstream/host/gl/glestranslator/gles_v2/gles_v2_imp.cpp:glUniform4fv:4004 error 0x502
/Volumes/Android/buildbot/src/googleplex-android/emu-36-3-release/hardware/google/gfxstream/host/gl/glestranslator/gles_v2/gles_v2_imp.cpp:glUniformMatrix3fv:4036 error 0x502
/Volumes/Android/buildbot/src/googleplex-android/emu-36-3-release/hardware/google/gfxstream/host/gl/glestranslator/gles_v2/gles_v2_imp.cpp:glUniform4f:3997 error 0x502
/Volumes/Android/buildbot/src/googleplex-android/emu-36-3-release/hardware/google/gfxstream/host/gl/glestranslator/gles_v2/gles_v2_imp.cpp:glUniform2f:3941 error 0x502
/Volumes/Android/buildbot/src/googleplex-android/emu-36-3-release/hardware/google/gfxstream/host/gl/glestranslator/gles_v2/gles_v2_imp.cpp:glUniform2f:3941 error 0x502
/Volumes/Android/buildbot/src/googleplex-android/emu-36-3-release/hardware/google/gfxstream/host/gl/glestranslator/gles_v2/gles_v2_imp.cpp:glUniform4fv:4004 error 0x502
/Volumes/Android/buildbot/src/googleplex-android/emu-36-3-release/hardware/google/gfxstream/host/gl/glestranslator/gles_v2/gles_v2_imp.cpp:glUniform4fv:4004 error 0x502
/Volumes/Android/buildbot/src/googleplex-android/emu-36-3-release/hardware/google/gfxstream/host/gl/glestranslator/gles_v2/gles_v2_imp.cpp:glUniform4fv:4004 error 0x502
/Volumes/Android/buildbot/src/googleplex-android/emu-36-3-release/hardware/google/gfxstream/host/gl/glestranslator/gles_v2/gles_v2_imp.cpp:glUniformMatrix3fv:4036 error 0x502
/Volumes/Android/buildbot/src/googleplex-android/emu-36-3-release/hardware/google/gfxstream/host/gl/glestranslator/gles_v2/gles_v2_imp.cpp:glUniform4fv:4004 error 0x502
/Volumes/Android/buildbot/src/googleplex-android/emu-36-3-release/hardware/google/gfxstream/host/gl/glestranslator/gles_v2/gles_v2_imp.cpp:glUniform4fv:4004 error 0x502
/Volumes/Android/buildbot/src/googleplex-android/emu-36-3-release/hardware/google/gfxstream/host/gl/glestranslator/gles_v2/gles_v2_imp.cpp:glUniform4fv:4004 error 0x502
/Volumes/Android/buildbot/src/googleplex-android/emu-36-3-release/hardware/google/gfxstream/host/gl/glestranslator/gles_v2/gles_v2_imp.cpp:glUniformMatrix3fv:4036 error 0x502
/Volumes/Android/buildbot/src/googleplex-android/emu-36-3-release/hardware/google/gfxstream/host/gl/glestranslator/gles_v2/gles_v2_imp.cpp:glUniform4f:3997 error 0x502
/Volumes/Android/buildbot/src/googleplex-android/emu-36-3-release/hardware/google/gfxstream/host/gl/glestranslator/gles_v2/gles_v2_imp.cpp:glUniform2f:3941 error 0x502
/Volumes/Android/buildbot/src/googleplex-android/emu-36-3-release/hardware/google/gfxstream/host/gl/glestranslator/gles_v2/gles_v2_imp.cpp:glUniform2f:3941 error 0x502
/Volumes/Android/buildbot/src/googleplex-android/emu-36-3-release/hardware/google/gfxstream/host/gl/glestranslator/gles_v2/gles_v2_imp.cpp:glUniform4fv:4004 error 0x502
/Volumes/Android/buildbot/src/googleplex-android/emu-36-3-release/hardware/google/gfxstream/host/gl/glestranslator/gles_v2/gles_v2_imp.cpp:glUniform4fv:4004 error 0x502
/Volumes/Android/buildbot/src/googleplex-android/emu-36-3-release/hardware/google/gfxstream/host/gl/glestranslator/gles_v2/gles_v2_imp.cpp:glUniform4fv:4004 error 0x502
/Volumes/Android/buildbot/src/googleplex-android/emu-36-3-release/hardware/google/gfxstream/host/gl/glestranslator/gles_v2/gles_v2_imp.cpp:glUniformMatrix3fv:4036 error 0x502
/Volumes/Android/buildbot/src/googleplex-android/emu-36-3-release/hardware/google/gfxstream/host/gl/glestranslator/gles_v2/gles_v2_imp.cpp:glUniform4fv:4004 error 0x502
/Volumes/Android/buildbot/src/googleplex-android/emu-36-3-release/hardware/google/gfxstream/host/gl/glestranslator/gles_v2/gles_v2_imp.cpp:glUniform4fv:4004 error 0x502
/Volumes/Android/buildbot/src/googleplex-android/emu-36-3-release/hardware/google/gfxstream/host/gl/glestranslator/gles_v2/gles_v2_imp.cpp:glUniform4fv:4004 error 0x502
/Volumes/Android/buildbot/src/googleplex-android/emu-36-3-release/hardware/google/gfxstream/host/gl/glestranslator/gles_v2/gles_v2_imp.cpp:glUniformMatrix3fv:4036 error 0x502
/Volumes/Android/buildbot/src/googleplex-android/emu-36-3-release/hardware/google/gfxstream/host/gl/glestranslator/gles_v2/gles_v2_imp.cpp:glUniform4f:3997 error 0x502
/Volumes/Android/buildbot/src/googleplex-android/emu-36-3-release/hardware/google/gfxstream/host/gl/glestranslator/gles_v2/gles_v2_imp.cpp:glUniform2f:3941 error 0x502
/Volumes/Android/buildbot/src/googleplex-android/emu-36-3-release/hardware/google/gfxstream/host/gl/glestranslator/gles_v2/gles_v2_imp.cpp:glUniform2f:3941 error 0x502
/Volumes/Android/buildbot/src/googleplex-android/emu-36-3-release/hardware/google/gfxstream/host/gl/glestranslator/gles_v2/gles_v2_imp.cpp:glUniform4fv:4004 error 0x502
/Volumes/Android/buildbot/src/googleplex-android/emu-36-3-release/hardware/google/gfxstream/host/gl/glestranslator/gles_v2/gles_v2_imp.cpp:glUniform4fv:4004 error 0x502
/Volumes/Android/buildbot/src/googleplex-android/emu-36-3-release/hardware/google/gfxstream/host/gl/glestranslator/gles_v2/gles_v2_imp.cpp:glUniform4fv:4004 error 0x502
/Volumes/Android/buildbot/src/googleplex-android/emu-36-3-release/hardware/google/gfxstream/host/gl/glestranslator/gles_v2/gles_v2_imp.cpp:glUniformMatrix3fv:4036 error 0x502
/Volumes/Android/buildbot/src/googleplex-android/emu-36-3-release/hardware/google/gfxstream/host/gl/glestranslator/gles_v2/gles_v2_imp.cpp:glUniform4fv:4004 error 0x502
/Volumes/Android/buildbot/src/googleplex-android/emu-36-3-release/hardware/google/gfxstream/host/gl/glestranslator/gles_v2/gles_v2_imp.cpp:glUniform4fv:4004 error 0x502
/Volumes/Android/buildbot/src/googleplex-android/emu-36-3-release/hardware/google/gfxstream/host/gl/glestranslator/gles_v2/gles_v2_imp.cpp:glUniform4fv:4004 error 0x502
/Volumes/Android/buildbot/src/googleplex-android/emu-36-3-release/hardware/google/gfxstream/host/gl/glestranslator/gles_v2/gles_v2_imp.cpp:glUniformMatrix3fv:4036 error 0x502
/Volumes/Android/buildbot/src/googleplex-android/emu-36-3-release/hardware/google/gfxstream/host/gl/glestranslator/gles_v2/gles_v2_imp.cpp:glUniform4f:3997 error 0x502
/Volumes/Android/buildbot/src/googleplex-android/emu-36-3-release/hardware/google/gfxstream/host/gl/glestranslator/gles_v2/gles_v2_imp.cpp:glUniform2f:3941 error 0x502
/Volumes/Android/buildbot/src/googleplex-android/emu-36-3-release/hardware/google/gfxstream/host/gl/glestranslator/gles_v2/gles_v2_imp.cpp:glUniform2f:3941 error 0x502
/Volumes/Android/buildbot/src/googleplex-android/emu-36-3-release/hardware/google/gfxstream/host/gl/glestranslator/gles_v2/gles_v2_imp.cpp:glUniform4fv:4004 error 0x502
/Volumes/Android/buildbot/src/googleplex-android/emu-36-3-release/hardware/google/gfxstream/host/gl/glestranslator/gles_v2/gles_v2_imp.cpp:glUniform4fv:4004 error 0x502
/Volumes/Android/buildbot/src/googleplex-android/emu-36-3-release/hardware/google/gfxstream/host/gl/glestranslator/gles_v2/gles_v2_imp.cpp:glUniform4fv:4004 error 0x502
/Volumes/Android/buildbot/src/googleplex-android/emu-36-3-release/hardware/google/gfxstream/host/gl/glestranslator/gles_v2/gles_v2_imp.cpp:glUniformMatrix3fv:4036 error 0x502
/Volumes/Android/buildbot/src/googleplex-android/emu-36-3-release/hardware/google/gfxstream/host/gl/glestranslator/gles_v2/gles_v2_imp.cpp:glUniform4fv:4004 error 0x502
/Volumes/Android/buildbot/src/googleplex-android/emu-36-3-release/hardware/google/gfxstream/host/gl/glestranslator/gles_v2/gles_v2_imp.cpp:glUniform4fv:4004 error 0x502
/Volumes/Android/buildbot/src/googleplex-android/emu-36-3-release/hardware/google/gfxstream/host/gl/glestranslator/gles_v2/gles_v2_imp.cpp:glUniform4fv:4004 error 0x502
/Volumes/Android/buildbot/src/googleplex-android/emu-36-3-release/hardware/google/gfxstream/host/gl/glestranslator/gles_v2/gles_v2_imp.cpp:glUniformMatrix3fv:4036 error 0x502
/Volumes/Android/buildbot/src/googleplex-android/emu-36-3-release/hardware/google/gfxstream/host/gl/glestranslator/gles_v2/gles_v2_imp.cpp:glUniform4f:3997 error 0x502
/Volumes/Android/buildbot/src/googleplex-android/emu-36-3-release/hardware/google/gfxstream/host/gl/glestranslator/gles_v2/gles_v2_imp.cpp:glUniform2f:3941 error 0x502
/Volumes/Android/buildbot/src/googleplex-android/emu-36-3-release/hardware/google/gfxstream/host/gl/glestranslator/gles_v2/gles_v2_imp.cpp:glUniform2f:3941 error 0x502
/Volumes/Android/buildbot/src/googleplex-android/emu-36-3-release/hardware/google/gfxstream/host/gl/glestranslator/gles_v2/gles_v2_imp.cpp:glUniform4fv:4004 error 0x502
/Volumes/Android/buildbot/src/googleplex-android/emu-36-3-release/hardware/google/gfxstream/host/gl/glestranslator/gles_v2/gles_v2_imp.cpp:glUniform4fv:4004 error 0x502
/Volumes/Android/buildbot/src/googleplex-android/emu-36-3-release/hardware/google/gfxstream/host/gl/glestranslator/gles_v2/gles_v2_imp.cpp:glUniform4fv:4004 error 0x502
/Volumes/Android/buildbot/src/googleplex-android/emu-36-3-release/hardware/google/gfxstream/host/gl/glestranslator/gles_v2/gles_v2_imp.cpp:glUniformMatrix3fv:4036 error 0x502
/Volumes/Android/buildbot/src/googleplex-android/emu-36-3-release/hardware/google/gfxstream/host/gl/glestranslator/gles_v2/gles_v2_imp.cpp:glUniform4fv:4004 error 0x502
/Volumes/Android/buildbot/src/googleplex-android/emu-36-3-release/hardware/google/gfxstream/host/gl/glestranslator/gles_v2/gles_v2_imp.cpp:glUniform4fv:4004 error 0x502
/Volumes/Android/buildbot/src/googleplex-android/emu-36-3-release/hardware/google/gfxstream/host/gl/glestranslator/gles_v2/gles_v2_imp.cpp:glUniform4fv:4004 error 0x502
/Volumes/Android/buildbot/src/googleplex-android/emu-36-3-release/hardware/google/gfxstream/host/gl/glestranslator/gles_v2/gles_v2_imp.cpp:glUniformMatrix3fv:4036 error 0x502
/Volumes/Android/buildbot/src/googleplex-android/emu-36-3-release/hardware/google/gfxstream/host/gl/glestranslator/gles_v2/gles_v2_imp.cpp:glUniform4f:3997 error 0x502
/Volumes/Android/buildbot/src/googleplex-android/emu-36-3-release/hardware/google/gfxstream/host/gl/glestranslator/gles_v2/gles_v2_imp.cpp:glUniform2f:3941 error 0x502
/Volumes/Android/buildbot/src/googleplex-android/emu-36-3-release/hardware/google/gfxstream/host/gl/glestranslator/gles_v2/gles_v2_imp.cpp:glUniform2f:3941 error 0x502
/Volumes/Android/buildbot/src/googleplex-android/emu-36-3-release/hardware/google/gfxstream/host/gl/glestranslator/gles_v2/gles_v2_imp.cpp:glUniform4fv:4004 error 0x502
/Volumes/Android/buildbot/src/googleplex-android/emu-36-3-release/hardware/google/gfxstream/host/gl/glestranslator/gles_v2/gles_v2_imp.cpp:glUniform4fv:4004 error 0x502
/Volumes/Android/buildbot/src/googleplex-android/emu-36-3-release/hardware/google/gfxstream/host/gl/glestranslator/gles_v2/gles_v2_imp.cpp:glUniform4fv:4004 error 0x502
/Volumes/Android/buildbot/src/googleplex-android/emu-36-3-release/hardware/google/gfxstream/host/gl/glestranslator/gles_v2/gles_v2_imp.cpp:glUniformMatrix3fv:4036 error 0x502
/Volumes/Android/buildbot/src/googleplex-android/emu-36-3-release/hardware/google/gfxstream/host/gl/glestranslator/gles_v2/gles_v2_imp.cpp:glUniform4fv:4004 error 0x502
glTexImage2D: got err pre :( 0x502 internal 0x8058 format 0x1908 type 0x1401
/Volumes/Android/buildbot/src/googleplex-android/emu-36-3-release/hardware/google/gfxstream/host/gl/glestranslator/gles_v2/gles_v2_imp.cpp:glUniform4fv:4004 error 0x502
/Volumes/Android/buildbot/src/googleplex-android/emu-36-3-release/hardware/google/gfxstream/host/gl/glestranslator/gles_v2/gles_v2_imp.cpp:glUniform4fv:4004 error 0x502
/Volumes/Android/buildbot/src/googleplex-android/emu-36-3-release/hardware/google/gfxstream/host/gl/glestranslator/gles_v2/gles_v2_imp.cpp:glUniformMatrix3fv:4036 error 0x502
/Volumes/Android/buildbot/src/googleplex-android/emu-36-3-release/hardware/google/gfxstream/host/gl/glestranslator/gles_v2/gles_v2_imp.cpp:glUniform4f:3997 error 0x502
/Volumes/Android/buildbot/src/googleplex-android/emu-36-3-release/hardware/google/gfxstream/host/gl/glestranslator/gles_v2/gles_v2_imp.cpp:glUniform2f:3941 error 0x502
/Volumes/Android/buildbot/src/googleplex-android/emu-36-3-release/hardware/google/gfxstream/host/gl/glestranslator/gles_v2/gles_v2_imp.cpp:glUniform2f:3941 error 0x502
/Volumes/Android/buildbot/src/googleplex-android/emu-36-3-release/hardware/google/gfxstream/host/gl/glestranslator/gles_v2/gles_v2_imp.cpp:glUniform4fv:4004 error 0x502
/Volumes/Android/buildbot/src/googleplex-android/emu-36-3-release/hardware/google/gfxstream/host/gl/glestranslator/gles_v2/gles_v2_imp.cpp:glUniform4fv:4004 error 0x502
/Volumes/Android/buildbot/src/googleplex-android/emu-36-3-release/hardware/google/gfxstream/host/gl/glestranslator/gles_v2/gles_v2_imp.cpp:glUniform4fv:4004 error 0x502
/Volumes/Android/buildbot/src/googleplex-android/emu-36-3-release/hardware/google/gfxstream/host/gl/glestranslator/gles_v2/gles_v2_imp.cpp:glUniformMatrix3fv:4036 error 0x502
/Volumes/Android/buildbot/src/googleplex-android/emu-36-3-release/hardware/google/gfxstream/host/gl/glestranslator/gles_v2/gles_v2_imp.cpp:glUniform4fv:4004 error 0x502
/Volumes/Android/buildbot/src/googleplex-android/emu-36-3-release/hardware/google/gfxstream/host/gl/glestranslator/gles_v2/gles_v2_imp.cpp:glUniform4fv:4004 error 0x502
/Volumes/Android/buildbot/src/googleplex-android/emu-36-3-release/hardware/google/gfxstream/host/gl/glestranslator/gles_v2/gles_v2_imp.cpp:glUniform4fv:4004 error 0x502
/Volumes/Android/buildbot/src/googleplex-android/emu-36-3-release/hardware/google/gfxstream/host/gl/glestranslator/gles_v2/gles_v2_imp.cpp:glUniformMatrix3fv:4036 error 0x502
/Volumes/Android/buildbot/src/googleplex-android/emu-36-3-release/hardware/google/gfxstream/host/gl/glestranslator/gles_v2/gles_v2_imp.cpp:glUniform4fv:4004 error 0x502
/Volumes/Android/buildbot/src/googleplex-android/emu-36-3-release/hardware/google/gfxstream/host/gl/glestranslator/gles_v2/gles_v2_imp.cpp:glUniformMatrix3fv:4036 error 0x502
/Volumes/Android/buildbot/src/googleplex-android/emu-36-3-release/hardware/google/gfxstream/host/gl/glestranslator/gles_v2/gles_v2_imp.cpp:glUniformMatrix3fv:4036 error 0x502
/Volumes/Android/buildbot/src/googleplex-android/emu-36-3-release/hardware/google/gfxstream/host/gl/glestranslator/gles_v2/gles_v2_imp.cpp:glUniformMatrix3fv:4036 error 0x502
/Volumes/Android/buildbot/src/googleplex-android/emu-36-3-release/hardware/google/gfxstream/host/gl/glestranslator/gles_v2/gles_v2_imp.cpp:glUniformMatrix3fv:4036 error 0x502
/Volumes/Android/buildbot/src/googleplex-android/emu-36-3-release/hardware/google/gfxstream/host/gl/glestranslator/gles_v2/gles_v2_imp.cpp:glUniformMatrix3fv:4036 error 0x502
glTexImage2D: got err pre :( 0x502 internal 0x8058 format 0x1908 type 0x1401
/Volumes/Android/buildbot/src/googleplex-android/emu-36-3-release/hardware/google/gfxstream/host/gl/glestranslator/gles_v2/gles_v2_imp.cpp:glUniform4fv:4004 error 0x502
/Volumes/Android/buildbot/src/googleplex-android/emu-36-3-release/hardware/google/gfxstream/host/gl/glestranslator/gles_v2/gles_v2_imp.cpp:glUniform4fv:4004 error 0x502
/Volumes/Android/buildbot/src/googleplex-android/emu-36-3-release/hardware/google/gfxstream/host/gl/glestranslator/gles_v2/gles_v2_imp.cpp:glUniformMatrix3fv:4036 error 0x502
/Volumes/Android/buildbot/src/googleplex-android/emu-36-3-release/hardware/google/gfxstream/host/gl/glestranslator/gles_v2/gles_v2_imp.cpp:glUniform4f:3997 error 0x502
/Volumes/Android/buildbot/src/googleplex-android/emu-36-3-release/hardware/google/gfxstream/host/gl/glestranslator/gles_v2/gles_v2_imp.cpp:glUniform2f:3941 error 0x502
/Volumes/Android/buildbot/src/googleplex-android/emu-36-3-release/hardware/google/gfxstream/host/gl/glestranslator/gles_v2/gles_v2_imp.cpp:glUniform2f:3941 error 0x502
/Volumes/Android/buildbot/src/googleplex-android/emu-36-3-release/hardware/google/gfxstream/host/gl/glestranslator/gles_v2/gles_v2_imp.cpp:glUniform4fv:4004 error 0x502
/Volumes/Android/buildbot/src/googleplex-android/emu-36-3-release/hardware/google/gfxstream/host/gl/glestranslator/gles_v2/gles_v2_imp.cpp:glUniform4fv:4004 error 0x502
/Volumes/Android/buildbot/src/googleplex-android/emu-36-3-release/hardware/google/gfxstream/host/gl/glestranslator/gles_v2/gles_v2_imp.cpp:glUniform4fv:4004 error 0x502
/Volumes/Android/buildbot/src/googleplex-android/emu-36-3-release/hardware/google/gfxstream/host/gl/glestranslator/gles_v2/gles_v2_imp.cpp:glUniformMatrix3fv:4036 error 0x502
/Volumes/Android/buildbot/src/googleplex-android/emu-36-3-release/hardware/google/gfxstream/host/gl/glestranslator/gles_v2/gles_v2_imp.cpp:glUniform4fv:4004 error 0x502
glTexImage2D: got err pre :( 0x502 internal 0x8058 format 0x1908 type 0x1401
/Volumes/Android/buildbot/src/googleplex-android/emu-36-3-release/hardware/google/gfxstream/host/gl/glestranslator/gles_v2/gles_v2_imp.cpp:glUniform4fv:4004 error 0x502
/Volumes/Android/buildbot/src/googleplex-android/emu-36-3-release/hardware/google/gfxstream/host/gl/glestranslator/gles_v2/gles_v2_imp.cpp:glUniform4fv:4004 error 0x502
/Volumes/Android/buildbot/src/googleplex-android/emu-36-3-release/hardware/google/gfxstream/host/gl/glestranslator/gles_v2/gles_v2_imp.cpp:glUniformMatrix3fv:4036 error 0x502
/Volumes/Android/buildbot/src/googleplex-android/emu-36-3-release/hardware/google/gfxstream/host/gl/glestranslator/gles_v2/gles_v2_imp.cpp:glUniform4f:3997 error 0x502
/Volumes/Android/buildbot/src/googleplex-android/emu-36-3-release/hardware/google/gfxstream/host/gl/glestranslator/gles_v2/gles_v2_imp.cpp:glUniform2f:3941 error 0x502
/Volumes/Android/buildbot/src/googleplex-android/emu-36-3-release/hardware/google/gfxstream/host/gl/glestranslator/gles_v2/gles_v2_imp.cpp:glUniform2f:3941 error 0x502
/Volumes/Android/buildbot/src/googleplex-android/emu-36-3-release/hardware/google/gfxstream/host/gl/glestranslator/gles_v2/gles_v2_imp.cpp:glUniform4fv:4004 error 0x502
/Volumes/Android/buildbot/src/googleplex-android/emu-36-3-release/hardware/google/gfxstream/host/gl/glestranslator/gles_v2/gles_v2_imp.cpp:glUniform4fv:4004 error 0x502
/Volumes/Android/buildbot/src/googleplex-android/emu-36-3-release/hardware/google/gfxstream/host/gl/glestranslator/gles_v2/gles_v2_imp.cpp:glUniform4fv:4004 error 0x502
/Volumes/Android/buildbot/src/googleplex-android/emu-36-3-release/hardware/google/gfxstream/host/gl/glestranslator/gles_v2/gles_v2_imp.cpp:glUniformMatrix3fv:4036 error 0x502
/Volumes/Android/buildbot/src/googleplex-android/emu-36-3-release/hardware/google/gfxstream/host/gl/glestranslator/gles_v2/gles_v2_imp.cpp:glUniform4fv:4004 error 0x502
/Volumes/Android/buildbot/src/googleplex-android/emu-36-3-release/hardware/google/gfxstream/host/gl/glestranslator/gles_v2/gles_v2_imp.cpp:glUniform4fv:4004 error 0x502
/Volumes/Android/buildbot/src/googleplex-android/emu-36-3-release/hardware/google/gfxstream/host/gl/glestranslator/gles_v2/gles_v2_imp.cpp:glUniform4fv:4004 error 0x502
/Volumes/Android/buildbot/src/googleplex-android/emu-36-3-release/hardware/google/gfxstream/host/gl/glestranslator/gles_v2/gles_v2_imp.cpp:glUniformMatrix3fv:4036 error 0x502
/Volumes/Android/buildbot/src/googleplex-android/emu-36-3-release/hardware/google/gfxstream/host/gl/glestranslator/gles_v2/gles_v2_imp.cpp:glUniform4f:3997 error 0x502
/Volumes/Android/buildbot/src/googleplex-android/emu-36-3-release/hardware/google/gfxstream/host/gl/glestranslator/gles_v2/gles_v2_imp.cpp:glUniform2f:3941 error 0x502
/Volumes/Android/buildbot/src/googleplex-android/emu-36-3-release/hardware/google/gfxstream/host/gl/glestranslator/gles_v2/gles_v2_imp.cpp:glUniform2f:3941 error 0x502
/Volumes/Android/buildbot/src/googleplex-android/emu-36-3-release/hardware/google/gfxstream/host/gl/glestranslator/gles_v2/gles_v2_imp.cpp:glUniform4fv:4004 error 0x502
/Volumes/Android/buildbot/src/googleplex-android/emu-36-3-release/hardware/google/gfxstream/host/gl/glestranslator/gles_v2/gles_v2_imp.cpp:glUniform4fv:4004 error 0x502
/Volumes/Android/buildbot/src/googleplex-android/emu-36-3-release/hardware/google/gfxstream/host/gl/glestranslator/gles_v2/gles_v2_imp.cpp:glUniform4fv:4004 error 0x502
/Volumes/Android/buildbot/src/googleplex-android/emu-36-3-release/hardware/google/gfxstream/host/gl/glestranslator/gles_v2/gles_v2_imp.cpp:glUniformMatrix3fv:4036 error 0x502
/Volumes/Android/buildbot/src/googleplex-android/emu-36-3-release/hardware/google/gfxstream/host/gl/glestranslator/gles_v2/gles_v2_imp.cpp:glUniform4fv:4004 error 0x502
glTexImage2D: got err pre :( 0x502 internal 0x8058 format 0x1908 type 0x1401
/Volumes/Android/buildbot/src/googleplex-android/emu-36-3-release/hardware/google/gfxstream/host/gl/glestranslator/gles_v2/gles_v2_imp.cpp:glUniformMatrix3fv:4036 error 0x502
/Volumes/Android/buildbot/src/googleplex-android/emu-36-3-release/hardware/google/gfxstream/host/gl/glestranslator/gles_v2/gles_v2_imp.cpp:glUniformMatrix3fv:4036 error 0x502
/Volumes/Android/buildbot/src/googleplex-android/emu-36-3-release/hardware/google/gfxstream/host/gl/glestranslator/gles_v2/gles_v2_imp.cpp:glUniformMatrix3fv:4036 error 0x502
/Volumes/Android/buildbot/src/googleplex-android/emu-36-3-release/hardware/google/gfxstream/host/gl/glestranslator/gles_v2/gles_v2_imp.cpp:glUniform4fv:4004 error 0x502
/Volumes/Android/buildbot/src/googleplex-android/emu-36-3-release/hardware/google/gfxstream/host/gl/glestranslator/gles_v2/gles_v2_imp.cpp:glUniform4fv:4004 error 0x502
/Volumes/Android/buildbot/src/googleplex-android/emu-36-3-release/hardware/google/gfxstream/host/gl/glestranslator/gles_v2/gles_v2_imp.cpp:glUniformMatrix3fv:4036 error 0x502
/Volumes/Android/buildbot/src/googleplex-android/emu-36-3-release/hardware/google/gfxstream/host/gl/glestranslator/gles_v2/gles_v2_imp.cpp:glUniform4f:3997 error 0x502
/Volumes/Android/buildbot/src/googleplex-android/emu-36-3-release/hardware/google/gfxstream/host/gl/glestranslator/gles_v2/gles_v2_imp.cpp:glUniform2f:3941 error 0x502
/Volumes/Android/buildbot/src/googleplex-android/emu-36-3-release/hardware/google/gfxstream/host/gl/glestranslator/gles_v2/gles_v2_imp.cpp:glUniform2f:3941 error 0x502
/Volumes/Android/buildbot/src/googleplex-android/emu-36-3-release/hardware/google/gfxstream/host/gl/glestranslator/gles_v2/gles_v2_imp.cpp:glUniform4fv:4004 error 0x502
/Volumes/Android/buildbot/src/googleplex-android/emu-36-3-release/hardware/google/gfxstream/host/gl/glestranslator/gles_v2/gles_v2_imp.cpp:glUniform4fv:4004 error 0x502
/Volumes/Android/buildbot/src/googleplex-android/emu-36-3-release/hardware/google/gfxstream/host/gl/glestranslator/gles_v2/gles_v2_imp.cpp:glUniform4fv:4004 error 0x502
/Volumes/Android/buildbot/src/googleplex-android/emu-36-3-release/hardware/google/gfxstream/host/gl/glestranslator/gles_v2/gles_v2_imp.cpp:glUniformMatrix3fv:4036 error 0x502
/Volumes/Android/buildbot/src/googleplex-android/emu-36-3-release/hardware/google/gfxstream/host/gl/glestranslator/gles_v2/gles_v2_imp.cpp:glUniform4fv:4004 error 0x502
/Volumes/Android/buildbot/src/googleplex-android/emu-36-3-release/hardware/google/gfxstream/host/gl/glestranslator/gles_v2/gles_v2_imp.cpp:glUniform4fv:4004 error 0x502
/Volumes/Android/buildbot/src/googleplex-android/emu-36-3-release/hardware/google/gfxstream/host/gl/glestranslator/gles_v2/gles_v2_imp.cpp:glUniform4fv:4004 error 0x502
/Volumes/Android/buildbot/src/googleplex-android/emu-36-3-release/hardware/google/gfxstream/host/gl/glestranslator/gles_v2/gles_v2_imp.cpp:glUniformMatrix3fv:4036 error 0x502
/Volumes/Android/buildbot/src/googleplex-android/emu-36-3-release/hardware/google/gfxstream/host/gl/glestranslator/gles_v2/gles_v2_imp.cpp:glUniform4f:3997 error 0x502
/Volumes/Android/buildbot/src/googleplex-android/emu-36-3-release/hardware/google/gfxstream/host/gl/glestranslator/gles_v2/gles_v2_imp.cpp:glUniform2f:3941 error 0x502
/Volumes/Android/buildbot/src/googleplex-android/emu-36-3-release/hardware/google/gfxstream/host/gl/glestranslator/gles_v2/gles_v2_imp.cpp:glUniform2f:3941 error 0x502
/Volumes/Android/buildbot/src/googleplex-android/emu-36-3-release/hardware/google/gfxstream/host/gl/glestranslator/gles_v2/gles_v2_imp.cpp:glUniform4fv:4004 error 0x502
/Volumes/Android/buildbot/src/googleplex-android/emu-36-3-release/hardware/google/gfxstream/host/gl/glestranslator/gles_v2/gles_v2_imp.cpp:glUniform4fv:4004 error 0x502
/Volumes/Android/buildbot/src/googleplex-android/emu-36-3-release/hardware/google/gfxstream/host/gl/glestranslator/gles_v2/gles_v2_imp.cpp:glUniform4fv:4004 error 0x502
/Volumes/Android/buildbot/src/googleplex-android/emu-36-3-release/hardware/google/gfxstream/host/gl/glestranslator/gles_v2/gles_v2_imp.cpp:glUniformMatrix3fv:4036 error 0x502
/Volumes/Android/buildbot/src/googleplex-android/emu-36-3-release/hardware/google/gfxstream/host/gl/glestranslator/gles_v2/gles_v2_imp.cpp:glUniform4fv:4004 error 0x502
/Volumes/Android/buildbot/src/googleplex-android/emu-36-3-release/hardware/google/gfxstream/host/gl/glestranslator/gles_v2/gles_v2_imp.cpp:glUniform4fv:4004 error 0x502
/Volumes/Android/buildbot/src/googleplex-android/emu-36-3-release/hardware/google/gfxstream/host/gl/glestranslator/gles_v2/gles_v2_imp.cpp:glUniform4fv:4004 error 0x502
/Volumes/Android/buildbot/src/googleplex-android/emu-36-3-release/hardware/google/gfxstream/host/gl/glestranslator/gles_v2/gles_v2_imp.cpp:glUniformMatrix3fv:4036 error 0x502
/Volumes/Android/buildbot/src/googleplex-android/emu-36-3-release/hardware/google/gfxstream/host/gl/glestranslator/gles_v2/gles_v2_imp.cpp:glUniform4f:3997 error 0x502
/Volumes/Android/buildbot/src/googleplex-android/emu-36-3-release/hardware/google/gfxstream/host/gl/glestranslator/gles_v2/gles_v2_imp.cpp:glUniform2f:3941 error 0x502
/Volumes/Android/buildbot/src/googleplex-android/emu-36-3-release/hardware/google/gfxstream/host/gl/glestranslator/gles_v2/gles_v2_imp.cpp:glUniform2f:3941 error 0x502
/Volumes/Android/buildbot/src/googleplex-android/emu-36-3-release/hardware/google/gfxstream/host/gl/glestranslator/gles_v2/gles_v2_imp.cpp:glUniform4fv:4004 error 0x502
/Volumes/Android/buildbot/src/googleplex-android/emu-36-3-release/hardware/google/gfxstream/host/gl/glestranslator/gles_v2/gles_v2_imp.cpp:glUniformMatrix3fv:4036 error 0x502
/Volumes/Android/buildbot/src/googleplex-android/emu-36-3-release/hardware/google/gfxstream/host/gl/glestranslator/gles_v2/gles_v2_imp.cpp:glUniform4fv:4004 error 0x502
/Volumes/Android/buildbot/src/googleplex-android/emu-36-3-release/hardware/google/gfxstream/host/gl/glestranslator/gles_v2/gles_v2_imp.cpp:glUniform4fv:4004 error 0x502
/Volumes/Android/buildbot/src/googleplex-android/emu-36-3-release/hardware/google/gfxstream/host/gl/glestranslator/gles_v2/gles_v2_imp.cpp:glUniformMatrix3fv:4036 error 0x502
/Volumes/Android/buildbot/src/googleplex-android/emu-36-3-release/hardware/google/gfxstream/host/gl/glestranslator/gles_v2/gles_v2_imp.cpp:glUniform4fv:4004 error 0x502
/Volumes/Android/buildbot/src/googleplex-android/emu-36-3-release/hardware/google/gfxstream/host/gl/glestranslator/gles_v2/gles_v2_imp.cpp:glUniformMatrix3fv:4036 error 0x502
/Volumes/Android/buildbot/src/googleplex-android/emu-36-3-release/hardware/google/gfxstream/host/gl/glestranslator/gles_v2/gles_v2_imp.cpp:glUniform4fv:4004 error 0x502
/Volumes/Android/buildbot/src/googleplex-android/emu-36-3-release/hardware/google/gfxstream/host/gl/glestranslator/gles_v2/gles_v2_imp.cpp:glUniform4fv:4004 error 0x502
/Volumes/Android/buildbot/src/googleplex-android/emu-36-3-release/hardware/google/gfxstream/host/gl/glestranslator/gles_v2/gles_v2_imp.cpp:glUniformMatrix3fv:4036 error 0x502
/Volumes/Android/buildbot/src/googleplex-android/emu-36-3-release/hardware/google/gfxstream/host/gl/glestranslator/gles_v2/gles_v2_imp.cpp:glUniform4f:3997 error 0x502
/Volumes/Android/buildbot/src/googleplex-android/emu-36-3-release/hardware/google/gfxstream/host/gl/glestranslator/gles_v2/gles_v2_imp.cpp:glUniform2f:3941 error 0x502
/Volumes/Android/buildbot/src/googleplex-android/emu-36-3-release/hardware/google/gfxstream/host/gl/glestranslator/gles_v2/gles_v2_imp.cpp:glUniform2f:3941 error 0x502
/Volumes/Android/buildbot/src/googleplex-android/emu-36-3-release/hardware/google/gfxstream/host/gl/glestranslator/gles_v2/gles_v2_imp.cpp:glUniform4fv:4004 error 0x502
/Volumes/Android/buildbot/src/googleplex-android/emu-36-3-release/hardware/google/gfxstream/host/gl/glestranslator/gles_v2/gles_v2_imp.cpp:glUniform4fv:4004 error 0x502
/Volumes/Android/buildbot/src/googleplex-android/emu-36-3-release/hardware/google/gfxstream/host/gl/glestranslator/gles_v2/gles_v2_imp.cpp:glUniform4fv:4004 error 0x502
/Volumes/Android/buildbot/src/googleplex-android/emu-36-3-release/hardware/google/gfxstream/host/gl/glestranslator/gles_v2/gles_v2_imp.cpp:glUniformMatrix3fv:4036 error 0x502
/Volumes/Android/buildbot/src/googleplex-android/emu-36-3-release/hardware/google/gfxstream/host/gl/glestranslator/gles_v2/gles_v2_imp.cpp:glUniform4fv:4004 error 0x502
/Volumes/Android/buildbot/src/googleplex-android/emu-36-3-release/hardware/google/gfxstream/host/gl/glestranslator/gles_v2/gles_v2_imp.cpp:glUniformMatrix3fv:4036 error 0x502
/Volumes/Android/buildbot/src/googleplex-android/emu-36-3-release/hardware/google/gfxstream/host/gl/glestranslator/gles_v2/gles_v2_imp.cpp:glUniformMatrix3fv:4036 error 0x502
/Volumes/Android/buildbot/src/googleplex-android/emu-36-3-release/hardware/google/gfxstream/host/gl/glestranslator/gles_v2/gles_v2_imp.cpp:glUniform4fv:4004 error 0x502
/Volumes/Android/buildbot/src/googleplex-android/emu-36-3-release/hardware/google/gfxstream/host/gl/glestranslator/gles_v2/gles_v2_imp.cpp:glUniform4fv:4004 error 0x502
/Volumes/Android/buildbot/src/googleplex-android/emu-36-3-release/hardware/google/gfxstream/host/gl/glestranslator/gles_v2/gles_v2_imp.cpp:glUniformMatrix3fv:4036 error 0x502
/Volumes/Android/buildbot/src/googleplex-android/emu-36-3-release/hardware/google/gfxstream/host/gl/glestranslator/gles_v2/gles_v2_imp.cpp:glUniform4f:3997 error 0x502
/Volumes/Android/buildbot/src/googleplex-android/emu-36-3-release/hardware/google/gfxstream/host/gl/glestranslator/gles_v2/gles_v2_imp.cpp:glUniform2f:3941 error 0x502
/Volumes/Android/buildbot/src/googleplex-android/emu-36-3-release/hardware/google/gfxstream/host/gl/glestranslator/gles_v2/gles_v2_imp.cpp:glUniform2f:3941 error 0x502
/Volumes/Android/buildbot/src/googleplex-android/emu-36-3-release/hardware/google/gfxstream/host/gl/glestranslator/gles_v2/gles_v2_imp.cpp:glUniform4fv:4004 error 0x502
/Volumes/Android/buildbot/src/googleplex-android/emu-36-3-release/hardware/google/gfxstream/host/gl/glestranslator/gles_v2/gles_v2_imp.cpp:glUniform4fv:4004 error 0x502
/Volumes/Android/buildbot/src/googleplex-android/emu-36-3-release/hardware/google/gfxstream/host/gl/glestranslator/gles_v2/gles_v2_imp.cpp:glUniform4fv:4004 error 0x502
/Volumes/Android/buildbot/src/googleplex-android/emu-36-3-release/hardware/google/gfxstream/host/gl/glestranslator/gles_v2/gles_v2_imp.cpp:glUniformMatrix3fv:4036 error 0x502
/Volumes/Android/buildbot/src/googleplex-android/emu-36-3-release/hardware/google/gfxstream/host/gl/glestranslator/gles_v2/gles_v2_imp.cpp:glUniform4fv:4004 error 0x502
/Volumes/Android/buildbot/src/googleplex-android/emu-36-3-release/hardware/google/gfxstream/host/gl/glestranslator/gles_v2/gles_v2_imp.cpp:glUniformMatrix3fv:4036 error 0x502
/Volumes/Android/buildbot/src/googleplex-android/emu-36-3-release/hardware/google/gfxstream/host/gl/glestranslator/gles_v2/gles_v2_imp.cpp:glUniformMatrix3fv:4036 error 0x502
/Volumes/Android/buildbot/src/googleplex-android/emu-36-3-release/hardware/google/gfxstream/host/gl/glestranslator/gles_v2/gles_v2_imp.cpp:glUniformMatrix3fv:4036 error 0x502
/Volumes/Android/buildbot/src/googleplex-android/emu-36-3-release/hardware/google/gfxstream/host/gl/glestranslator/gles_v2/gles_v2_imp.cpp:glUniformMatrix3fv:4036 error 0x502
/Volumes/Android/buildbot/src/googleplex-android/emu-36-3-release/hardware/google/gfxstream/host/gl/glestranslator/gles_v2/gles_v2_imp.cpp:glUniformMatrix3fv:4036 error 0x502
/Volumes/Android/buildbot/src/googleplex-android/emu-36-3-release/hardware/google/gfxstream/host/gl/glestranslator/gles_v2/gles_v2_imp.cpp:glUniform4fv:4004 error 0x502
/Volumes/Android/buildbot/src/googleplex-android/emu-36-3-release/hardware/google/gfxstream/host/gl/glestranslator/gles_v2/gles_v2_imp.cpp:glUniform4fv:4004 error 0x502
/Volumes/Android/buildbot/src/googleplex-android/emu-36-3-release/hardware/google/gfxstream/host/gl/glestranslator/gles_v2/gles_v2_imp.cpp:glUniformMatrix3fv:4036 error 0x502
/Volumes/Android/buildbot/src/googleplex-android/emu-36-3-release/hardware/google/gfxstream/host/gl/glestranslator/gles_v2/gles_v2_imp.cpp:glUniform4f:3997 error 0x502
/Volumes/Android/buildbot/src/googleplex-android/emu-36-3-release/hardware/google/gfxstream/host/gl/glestranslator/gles_v2/gles_v2_imp.cpp:glUniform2f:3941 error 0x502
/Volumes/Android/buildbot/src/googleplex-android/emu-36-3-release/hardware/google/gfxstream/host/gl/glestranslator/gles_v2/gles_v2_imp.cpp:glUniform2f:3941 error 0x502
/Volumes/Android/buildbot/src/googleplex-android/emu-36-3-release/hardware/google/gfxstream/host/gl/glestranslator/gles_v2/gles_v2_imp.cpp:glUniform4fv:4004 error 0x502
/Volumes/Android/buildbot/src/googleplex-android/emu-36-3-release/hardware/google/gfxstream/host/gl/glestranslator/gles_v2/gles_v2_imp.cpp:glUniform4fv:4004 error 0x502
/Volumes/Android/buildbot/src/googleplex-android/emu-36-3-release/hardware/google/gfxstream/host/gl/glestranslator/gles_v2/gles_v2_imp.cpp:glUniform4fv:4004 error 0x502
/Volumes/Android/buildbot/src/googleplex-android/emu-36-3-release/hardware/google/gfxstream/host/gl/glestranslator/gles_v2/gles_v2_imp.cpp:glUniformMatrix3fv:4036 error 0x502
/Volumes/Android/buildbot/src/googleplex-android/emu-36-3-release/hardware/google/gfxstream/host/gl/glestranslator/gles_v2/gles_v2_imp.cpp:glUniform4fv:4004 error 0x502
/Volumes/Android/buildbot/src/googleplex-android/emu-36-3-release/hardware/google/gfxstream/host/gl/glestranslator/gles_v2/gles_v2_imp.cpp:glUniform4fv:4004 error 0x502
/Volumes/Android/buildbot/src/googleplex-android/emu-36-3-release/hardware/google/gfxstream/host/gl/glestranslator/gles_v2/gles_v2_imp.cpp:glUniform4fv:4004 error 0x502
/Volumes/Android/buildbot/src/googleplex-android/emu-36-3-release/hardware/google/gfxstream/host/gl/glestranslator/gles_v2/gles_v2_imp.cpp:glUniformMatrix3fv:4036 error 0x502
/Volumes/Android/buildbot/src/googleplex-android/emu-36-3-release/hardware/google/gfxstream/host/gl/glestranslator/gles_v2/gles_v2_imp.cpp:glUniform4f:3997 error 0x502
/Volumes/Android/buildbot/src/googleplex-android/emu-36-3-release/hardware/google/gfxstream/host/gl/glestranslator/gles_v2/gles_v2_imp.cpp:glUniform2f:3941 error 0x502
/Volumes/Android/buildbot/src/googleplex-android/emu-36-3-release/hardware/google/gfxstream/host/gl/glestranslator/gles_v2/gles_v2_imp.cpp:glUniform2f:3941 error 0x502
/Volumes/Android/buildbot/src/googleplex-android/emu-36-3-release/hardware/google/gfxstream/host/gl/glestranslator/gles_v2/gles_v2_imp.cpp:glUniform4fv:4004 error 0x502
/Volumes/Android/buildbot/src/googleplex-android/emu-36-3-release/hardware/google/gfxstream/host/gl/glestranslator/gles_v2/gles_v2_imp.cpp:glUniform4fv:4004 error 0x502
/Volumes/Android/buildbot/src/googleplex-android/emu-36-3-release/hardware/google/gfxstream/host/gl/glestranslator/gles_v2/gles_v2_imp.cpp:glUniform4fv:4004 error 0x502
/Volumes/Android/buildbot/src/googleplex-android/emu-36-3-release/hardware/google/gfxstream/host/gl/glestranslator/gles_v2/gles_v2_imp.cpp:glUniformMatrix3fv:4036 error 0x502
/Volumes/Android/buildbot/src/googleplex-android/emu-36-3-release/hardware/google/gfxstream/host/gl/glestranslator/gles_v2/gles_v2_imp.cpp:glUniform4fv:4004 error 0x502
/Volumes/Android/buildbot/src/googleplex-android/emu-36-3-release/hardware/google/gfxstream/host/gl/glestranslator/gles_v2/gles_v2_imp.cpp:glUniform4fv:4004 error 0x502
/Volumes/Android/buildbot/src/googleplex-android/emu-36-3-release/hardware/google/gfxstream/host/gl/glestranslator/gles_v2/gles_v2_imp.cpp:glUniform4fv:4004 error 0x502
/Volumes/Android/buildbot/src/googleplex-android/emu-36-3-release/hardware/google/gfxstream/host/gl/glestranslator/gles_v2/gles_v2_imp.cpp:glUniformMatrix3fv:4036 error 0x502
/Volumes/Android/buildbot/src/googleplex-android/emu-36-3-release/hardware/google/gfxstream/host/gl/glestranslator/gles_v2/gles_v2_imp.cpp:glUniform4f:3997 error 0x502
/Volumes/Android/buildbot/src/googleplex-android/emu-36-3-release/hardware/google/gfxstream/host/gl/glestranslator/gles_v2/gles_v2_imp.cpp:glUniform2f:3941 error 0x502
/Volumes/Android/buildbot/src/googleplex-android/emu-36-3-release/hardware/google/gfxstream/host/gl/glestranslator/gles_v2/gles_v2_imp.cpp:glUniform2f:3941 error 0x502
/Volumes/Android/buildbot/src/googleplex-android/emu-36-3-release/hardware/google/gfxstream/host/gl/glestranslator/gles_v2/gles_v2_imp.cpp:glUniform4fv:4004 error 0x502
/Volumes/Android/buildbot/src/googleplex-android/emu-36-3-release/hardware/google/gfxstream/host/gl/glestranslator/gles_v2/gles_v2_imp.cpp:glUniform4fv:4004 error 0x502
/Volumes/Android/buildbot/src/googleplex-android/emu-36-3-release/hardware/google/gfxstream/host/gl/glestranslator/gles_v2/gles_v2_imp.cpp:glUniform4fv:4004 error 0x502
/Volumes/Android/buildbot/src/googleplex-android/emu-36-3-release/hardware/google/gfxstream/host/gl/glestranslator/gles_v2/gles_v2_imp.cpp:glUniformMatrix3fv:4036 error 0x502
/Volumes/Android/buildbot/src/googleplex-android/emu-36-3-release/hardware/google/gfxstream/host/gl/glestranslator/gles_v2/gles_v2_imp.cpp:glUniform4fv:4004 error 0x502
/Volumes/Android/buildbot/src/googleplex-android/emu-36-3-release/hardware/google/gfxstream/host/gl/glestranslator/gles_v2/gles_v2_imp.cpp:glUniform4fv:4004 error 0x502
/Volumes/Android/buildbot/src/googleplex-android/emu-36-3-release/hardware/google/gfxstream/host/gl/glestranslator/gles_v2/gles_v2_imp.cpp:glUniform4fv:4004 error 0x502
/Volumes/Android/buildbot/src/googleplex-android/emu-36-3-release/hardware/google/gfxstream/host/gl/glestranslator/gles_v2/gles_v2_imp.cpp:glUniformMatrix3fv:4036 error 0x502
/Volumes/Android/buildbot/src/googleplex-android/emu-36-3-release/hardware/google/gfxstream/host/gl/glestranslator/gles_v2/gles_v2_imp.cpp:glUniform4f:3997 error 0x502
/Volumes/Android/buildbot/src/googleplex-android/emu-36-3-release/hardware/google/gfxstream/host/gl/glestranslator/gles_v2/gles_v2_imp.cpp:glUniform2f:3941 error 0x502
/Volumes/Android/buildbot/src/googleplex-android/emu-36-3-release/hardware/google/gfxstream/host/gl/glestranslator/gles_v2/gles_v2_imp.cpp:glUniform2f:3941 error 0x502
/Volumes/Android/buildbot/src/googleplex-android/emu-36-3-release/hardware/google/gfxstream/host/gl/glestranslator/gles_v2/gles_v2_imp.cpp:glUniform4fv:4004 error 0x502
/Volumes/Android/buildbot/src/googleplex-android/emu-36-3-release/hardware/google/gfxstream/host/gl/glestranslator/gles_v2/gles_v2_imp.cpp:glUniform4fv:4004 error 0x502
/Volumes/Android/buildbot/src/googleplex-android/emu-36-3-release/hardware/google/gfxstream/host/gl/glestranslator/gles_v2/gles_v2_imp.cpp:glUniform4fv:4004 error 0x502
/Volumes/Android/buildbot/src/googleplex-android/emu-36-3-release/hardware/google/gfxstream/host/gl/glestranslator/gles_v2/gles_v2_imp.cpp:glUniformMatrix3fv:4036 error 0x502
/Volumes/Android/buildbot/src/googleplex-android/emu-36-3-release/hardware/google/gfxstream/host/gl/glestranslator/gles_v2/gles_v2_imp.cpp:glUniform4fv:4004 error 0x502
/Volumes/Android/buildbot/src/googleplex-android/emu-36-3-release/hardware/google/gfxstream/host/gl/glestranslator/gles_v2/gles_v2_imp.cpp:glUniform4fv:4004 error 0x502
/Volumes/Android/buildbot/src/googleplex-android/emu-36-3-release/hardware/google/gfxstream/host/gl/glestranslator/gles_v2/gles_v2_imp.cpp:glUniform4fv:4004 error 0x502
/Volumes/Android/buildbot/src/googleplex-android/emu-36-3-release/hardware/google/gfxstream/host/gl/glestranslator/gles_v2/gles_v2_imp.cpp:glUniformMatrix3fv:4036 error 0x502
/Volumes/Android/buildbot/src/googleplex-android/emu-36-3-release/hardware/google/gfxstream/host/gl/glestranslator/gles_v2/gles_v2_imp.cpp:glUniform4f:3997 error 0x502
/Volumes/Android/buildbot/src/googleplex-android/emu-36-3-release/hardware/google/gfxstream/host/gl/glestranslator/gles_v2/gles_v2_imp.cpp:glUniform2f:3941 error 0x502
/Volumes/Android/buildbot/src/googleplex-android/emu-36-3-release/hardware/google/gfxstream/host/gl/glestranslator/gles_v2/gles_v2_imp.cpp:glUniform2f:3941 error 0x502
/Volumes/Android/buildbot/src/googleplex-android/emu-36-3-release/hardware/google/gfxstream/host/gl/glestranslator/gles_v2/gles_v2_imp.cpp:glUniform4fv:4004 error 0x502
/Volumes/Android/buildbot/src/googleplex-android/emu-36-3-release/hardware/google/gfxstream/host/gl/glestranslator/gles_v2/gles_v2_imp.cpp:glUniform4fv:4004 error 0x502
/Volumes/Android/buildbot/src/googleplex-android/emu-36-3-release/hardware/google/gfxstream/host/gl/glestranslator/gles_v2/gles_v2_imp.cpp:glUniform4fv:4004 error 0x502
/Volumes/Android/buildbot/src/googleplex-android/emu-36-3-release/hardware/google/gfxstream/host/gl/glestranslator/gles_v2/gles_v2_imp.cpp:glUniformMatrix3fv:4036 error 0x502
/Volumes/Android/buildbot/src/googleplex-android/emu-36-3-release/hardware/google/gfxstream/host/gl/glestranslator/gles_v2/gles_v2_imp.cpp:glUniform4fv:4004 error 0x502
/Volumes/Android/buildbot/src/googleplex-android/emu-36-3-release/hardware/google/gfxstream/host/gl/glestranslator/gles_v2/gles_v2_imp.cpp:glUniform4fv:4004 error 0x502
/Volumes/Android/buildbot/src/googleplex-android/emu-36-3-release/hardware/google/gfxstream/host/gl/glestranslator/gles_v2/gles_v2_imp.cpp:glUniform4fv:4004 error 0x502
/Volumes/Android/buildbot/src/googleplex-android/emu-36-3-release/hardware/google/gfxstream/host/gl/glestranslator/gles_v2/gles_v2_imp.cpp:glUniformMatrix3fv:4036 error 0x502
/Volumes/Android/buildbot/src/googleplex-android/emu-36-3-release/hardware/google/gfxstream/host/gl/glestranslator/gles_v2/gles_v2_imp.cpp:glUniform4f:3997 error 0x502
/Volumes/Android/buildbot/src/googleplex-android/emu-36-3-release/hardware/google/gfxstream/host/gl/glestranslator/gles_v2/gles_v2_imp.cpp:glUniform2f:3941 error 0x502
/Volumes/Android/buildbot/src/googleplex-android/emu-36-3-release/hardware/google/gfxstream/host/gl/glestranslator/gles_v2/gles_v2_imp.cpp:glUniform2f:3941 error 0x502
/Volumes/Android/buildbot/src/googleplex-android/emu-36-3-release/hardware/google/gfxstream/host/gl/glestranslator/gles_v2/gles_v2_imp.cpp:glUniform4fv:4004 error 0x502
/Volumes/Android/buildbot/src/googleplex-android/emu-36-3-release/hardware/google/gfxstream/host/gl/glestranslator/gles_v2/gles_v2_imp.cpp:glUniform4fv:4004 error 0x502
/Volumes/Android/buildbot/src/googleplex-android/emu-36-3-release/hardware/google/gfxstream/host/gl/glestranslator/gles_v2/gles_v2_imp.cpp:glUniform4fv:4004 error 0x502
/Volumes/Android/buildbot/src/googleplex-android/emu-36-3-release/hardware/google/gfxstream/host/gl/glestranslator/gles_v2/gles_v2_imp.cpp:glUniformMatrix3fv:4036 error 0x502
/Volumes/Android/buildbot/src/googleplex-android/emu-36-3-release/hardware/google/gfxstream/host/gl/glestranslator/gles_v2/gles_v2_imp.cpp:glUniform4fv:4004 error 0x502
/Volumes/Android/buildbot/src/googleplex-android/emu-36-3-release/hardware/google/gfxstream/host/gl/glestranslator/gles_v2/gles_v2_imp.cpp:glUniform4fv:4004 error 0x502
/Volumes/Android/buildbot/src/googleplex-android/emu-36-3-release/hardware/google/gfxstream/host/gl/glestranslator/gles_v2/gles_v2_imp.cpp:glUniform4fv:4004 error 0x502
/Volumes/Android/buildbot/src/googleplex-android/emu-36-3-release/hardware/google/gfxstream/host/gl/glestranslator/gles_v2/gles_v2_imp.cpp:glUniformMatrix3fv:4036 error 0x502
/Volumes/Android/buildbot/src/googleplex-android/emu-36-3-release/hardware/google/gfxstream/host/gl/glestranslator/gles_v2/gles_v2_imp.cpp:glUniform4f:3997 error 0x502
/Volumes/Android/buildbot/src/googleplex-android/emu-36-3-release/hardware/google/gfxstream/host/gl/glestranslator/gles_v2/gles_v2_imp.cpp:glUniform2f:3941 error 0x502
/Volumes/Android/buildbot/src/googleplex-android/emu-36-3-release/hardware/google/gfxstream/host/gl/glestranslator/gles_v2/gles_v2_imp.cpp:glUniform2f:3941 error 0x502
/Volumes/Android/buildbot/src/googleplex-android/emu-36-3-release/hardware/google/gfxstream/host/gl/glestranslator/gles_v2/gles_v2_imp.cpp:glUniform4fv:4004 error 0x502
/Volumes/Android/buildbot/src/googleplex-android/emu-36-3-release/hardware/google/gfxstream/host/gl/glestranslator/gles_v2/gles_v2_imp.cpp:glUniform4fv:4004 error 0x502
/Volumes/Android/buildbot/src/googleplex-android/emu-36-3-release/hardware/google/gfxstream/host/gl/glestranslator/gles_v2/gles_v2_imp.cpp:glUniform4fv:4004 error 0x502
/Volumes/Android/buildbot/src/googleplex-android/emu-36-3-release/hardware/google/gfxstream/host/gl/glestranslator/gles_v2/gles_v2_imp.cpp:glUniformMatrix3fv:4036 error 0x502
/Volumes/Android/buildbot/src/googleplex-android/emu-36-3-release/hardware/google/gfxstream/host/gl/glestranslator/gles_v2/gles_v2_imp.cpp:glUniform4fv:4004 error 0x502
/Volumes/Android/buildbot/src/googleplex-android/emu-36-3-release/hardware/google/gfxstream/host/gl/glestranslator/gles_v2/gles_v2_imp.cpp:glUniform4fv:4004 error 0x502
/Volumes/Android/buildbot/src/googleplex-android/emu-36-3-release/hardware/google/gfxstream/host/gl/glestranslator/gles_v2/gles_v2_imp.cpp:glUniform4fv:4004 error 0x502
/Volumes/Android/buildbot/src/googleplex-android/emu-36-3-release/hardware/google/gfxstream/host/gl/glestranslator/gles_v2/gles_v2_imp.cpp:glUniformMatrix3fv:4036 error 0x502
/Volumes/Android/buildbot/src/googleplex-android/emu-36-3-release/hardware/google/gfxstream/host/gl/glestranslator/gles_v2/gles_v2_imp.cpp:glUniform4f:3997 error 0x502
/Volumes/Android/buildbot/src/googleplex-android/emu-36-3-release/hardware/google/gfxstream/host/gl/glestranslator/gles_v2/gles_v2_imp.cpp:glUniform2f:3941 error 0x502
/Volumes/Android/buildbot/src/googleplex-android/emu-36-3-release/hardware/google/gfxstream/host/gl/glestranslator/gles_v2/gles_v2_imp.cpp:glUniform2f:3941 error 0x502
/Volumes/Android/buildbot/src/googleplex-android/emu-36-3-release/hardware/google/gfxstream/host/gl/glestranslator/gles_v2/gles_v2_imp.cpp:glUniform4fv:4004 error 0x502
/Volumes/Android/buildbot/src/googleplex-android/emu-36-3-release/hardware/google/gfxstream/host/gl/glestranslator/gles_v2/gles_v2_imp.cpp:glUniform4fv:4004 error 0x502
/Volumes/Android/buildbot/src/googleplex-android/emu-36-3-release/hardware/google/gfxstream/host/gl/glestranslator/gles_v2/gles_v2_imp.cpp:glUniform4fv:4004 error 0x502
/Volumes/Android/buildbot/src/googleplex-android/emu-36-3-release/hardware/google/gfxstream/host/gl/glestranslator/gles_v2/gles_v2_imp.cpp:glUniformMatrix3fv:4036 error 0x502
/Volumes/Android/buildbot/src/googleplex-android/emu-36-3-release/hardware/google/gfxstream/host/gl/glestranslator/gles_v2/gles_v2_imp.cpp:glUniform4fv:4004 error 0x502
/Volumes/Android/buildbot/src/googleplex-android/emu-36-3-release/hardware/google/gfxstream/host/gl/glestranslator/gles_v2/gles_v2_imp.cpp:glUniformMatrix3fv:4036 error 0x502
/Volumes/Android/buildbot/src/googleplex-android/emu-36-3-release/hardware/google/gfxstream/host/gl/glestranslator/gles_v2/gles_v2_imp.cpp:glUniformMatrix3fv:4036 error 0x502
/Volumes/Android/buildbot/src/googleplex-android/emu-36-3-release/hardware/google/gfxstream/host/gl/glestranslator/gles_v2/gles_v2_imp.cpp:glUniformMatrix3fv:4036 error 0x502
/Volumes/Android/buildbot/src/googleplex-android/emu-36-3-release/hardware/google/gfxstream/host/gl/glestranslator/gles_v2/gles_v2_imp.cpp:glUniformMatrix3fv:4036 error 0x502
/Volumes/Android/buildbot/src/googleplex-android/emu-36-3-release/hardware/google/gfxstream/host/gl/glestranslator/gles_v2/gles_v2_imp.cpp:glUniform4fv:4004 error 0x502
/Volumes/Android/buildbot/src/googleplex-android/emu-36-3-release/hardware/google/gfxstream/host/gl/glestranslator/gles_v2/gles_v2_imp.cpp:glUniform4fv:4004 error 0x502
/Volumes/Android/buildbot/src/googleplex-android/emu-36-3-release/hardware/google/gfxstream/host/gl/glestranslator/gles_v2/gles_v2_imp.cpp:glUniformMatrix3fv:4036 error 0x502
/Volumes/Android/buildbot/src/googleplex-android/emu-36-3-release/hardware/google/gfxstream/host/gl/glestranslator/gles_v2/gles_v2_imp.cpp:glUniform4f:3997 error 0x502
/Volumes/Android/buildbot/src/googleplex-android/emu-36-3-release/hardware/google/gfxstream/host/gl/glestranslator/gles_v2/gles_v2_imp.cpp:glUniform2f:3941 error 0x502
/Volumes/Android/buildbot/src/googleplex-android/emu-36-3-release/hardware/google/gfxstream/host/gl/glestranslator/gles_v2/gles_v2_imp.cpp:glUniform2f:3941 error 0x502
/Volumes/Android/buildbot/src/googleplex-android/emu-36-3-release/hardware/google/gfxstream/host/gl/glestranslator/gles_v2/gles_v2_imp.cpp:glUniform4fv:4004 error 0x502
/Volumes/Android/buildbot/src/googleplex-android/emu-36-3-release/hardware/google/gfxstream/host/gl/glestranslator/gles_v2/gles_v2_imp.cpp:glUniform4fv:4004 error 0x502
/Volumes/Android/buildbot/src/googleplex-android/emu-36-3-release/hardware/google/gfxstream/host/gl/glestranslator/gles_v2/gles_v2_imp.cpp:glUniform4fv:4004 error 0x502
/Volumes/Android/buildbot/src/googleplex-android/emu-36-3-release/hardware/google/gfxstream/host/gl/glestranslator/gles_v2/gles_v2_imp.cpp:glUniformMatrix3fv:4036 error 0x502
/Volumes/Android/buildbot/src/googleplex-android/emu-36-3-release/hardware/google/gfxstream/host/gl/glestranslator/gles_v2/gles_v2_imp.cpp:glUniform4fv:4004 error 0x502
/Volumes/Android/buildbot/src/googleplex-android/emu-36-3-release/hardware/google/gfxstream/host/gl/glestranslator/gles_v2/gles_v2_imp.cpp:glUniformMatrix3fv:4036 error 0x502
/Volumes/Android/buildbot/src/googleplex-android/emu-36-3-release/hardware/google/gfxstream/host/gl/glestranslator/gles_v2/gles_v2_imp.cpp:glUniformMatrix3fv:4036 error 0x502
/Volumes/Android/buildbot/src/googleplex-android/emu-36-3-release/hardware/google/gfxstream/host/gl/glestranslator/gles_v2/gles_v2_imp.cpp:glUniform4fv:4004 error 0x502
/Volumes/Android/buildbot/src/googleplex-android/emu-36-3-release/hardware/google/gfxstream/host/gl/glestranslator/gles_v2/gles_v2_imp.cpp:glUniformMatrix3fv:4036 error 0x502
/Volumes/Android/buildbot/src/googleplex-android/emu-36-3-release/hardware/google/gfxstream/host/gl/glestranslator/gles_v2/gles_v2_imp.cpp:glUniform4fv:4004 error 0x502
/Volumes/Android/buildbot/src/googleplex-android/emu-36-3-release/hardware/google/gfxstream/host/gl/glestranslator/gles_v2/gles_v2_imp.cpp:glUniform4fv:4004 error 0x502
/Volumes/Android/buildbot/src/googleplex-android/emu-36-3-release/hardware/google/gfxstream/host/gl/glestranslator/gles_v2/gles_v2_imp.cpp:glUniformMatrix3fv:4036 error 0x502
/Volumes/Android/buildbot/src/googleplex-android/emu-36-3-release/hardware/google/gfxstream/host/gl/glestranslator/gles_v2/gles_v2_imp.cpp:glUniform4f:3997 error 0x502
/Volumes/Android/buildbot/src/googleplex-android/emu-36-3-release/hardware/google/gfxstream/host/gl/glestranslator/gles_v2/gles_v2_imp.cpp:glUniform2f:3941 error 0x502
/Volumes/Android/buildbot/src/googleplex-android/emu-36-3-release/hardware/google/gfxstream/host/gl/glestranslator/gles_v2/gles_v2_imp.cpp:glUniform2f:3941 error 0x502
/Volumes/Android/buildbot/src/googleplex-android/emu-36-3-release/hardware/google/gfxstream/host/gl/glestranslator/gles_v2/gles_v2_imp.cpp:glUniform4fv:4004 error 0x502
/Volumes/Android/buildbot/src/googleplex-android/emu-36-3-release/hardware/google/gfxstream/host/gl/glestranslator/gles_v2/gles_v2_imp.cpp:glUniform4fv:4004 error 0x502
/Volumes/Android/buildbot/src/googleplex-android/emu-36-3-release/hardware/google/gfxstream/host/gl/glestranslator/gles_v2/gles_v2_imp.cpp:glUniform4fv:4004 error 0x502
/Volumes/Android/buildbot/src/googleplex-android/emu-36-3-release/hardware/google/gfxstream/host/gl/glestranslator/gles_v2/gles_v2_imp.cpp:glUniformMatrix3fv:4036 error 0x502
/Volumes/Android/buildbot/src/googleplex-android/emu-36-3-release/hardware/google/gfxstream/host/gl/glestranslator/gles_v2/gles_v2_imp.cpp:glUniform4fv:4004 error 0x502
/Volumes/Android/buildbot/src/googleplex-android/emu-36-3-release/hardware/google/gfxstream/host/gl/glestranslator/gles_v2/gles_v2_imp.cpp:glUniform4fv:4004 error 0x502
/Volumes/Android/buildbot/src/googleplex-android/emu-36-3-release/hardware/google/gfxstream/host/gl/glestranslator/gles_v2/gles_v2_imp.cpp:glUniform4fv:4004 error 0x502
/Volumes/Android/buildbot/src/googleplex-android/emu-36-3-release/hardware/google/gfxstream/host/gl/glestranslator/gles_v2/gles_v2_imp.cpp:glUniformMatrix3fv:4036 error 0x502
/Volumes/Android/buildbot/src/googleplex-android/emu-36-3-release/hardware/google/gfxstream/host/gl/glestranslator/gles_v2/gles_v2_imp.cpp:glUniform4f:3997 error 0x502
/Volumes/Android/buildbot/src/googleplex-android/emu-36-3-release/hardware/google/gfxstream/host/gl/glestranslator/gles_v2/gles_v2_imp.cpp:glUniform2f:3941 error 0x502
/Volumes/Android/buildbot/src/googleplex-android/emu-36-3-release/hardware/google/gfxstream/host/gl/glestranslator/gles_v2/gles_v2_imp.cpp:glUniform2f:3941 error 0x502
/Volumes/Android/buildbot/src/googleplex-android/emu-36-3-release/hardware/google/gfxstream/host/gl/glestranslator/gles_v2/gles_v2_imp.cpp:glUniform4fv:4004 error 0x502
/Volumes/Android/buildbot/src/googleplex-android/emu-36-3-release/hardware/google/gfxstream/host/gl/glestranslator/gles_v2/gles_v2_imp.cpp:glUniform4fv:4004 error 0x502
/Volumes/Android/buildbot/src/googleplex-android/emu-36-3-release/hardware/google/gfxstream/host/gl/glestranslator/gles_v2/gles_v2_imp.cpp:glUniform4fv:4004 error 0x502
/Volumes/Android/buildbot/src/googleplex-android/emu-36-3-release/hardware/google/gfxstream/host/gl/glestranslator/gles_v2/gles_v2_imp.cpp:glUniformMatrix3fv:4036 error 0x502
/Volumes/Android/buildbot/src/googleplex-android/emu-36-3-release/hardware/google/gfxstream/host/gl/glestranslator/gles_v2/gles_v2_imp.cpp:glUniform4fv:4004 error 0x502
/Volumes/Android/buildbot/src/googleplex-android/emu-36-3-release/hardware/google/gfxstream/host/gl/glestranslator/gles_v2/gles_v2_imp.cpp:glUniform4fv:4004 error 0x502
/Volumes/Android/buildbot/src/googleplex-android/emu-36-3-release/hardware/google/gfxstream/host/gl/glestranslator/gles_v2/gles_v2_imp.cpp:glUniform4fv:4004 error 0x502
/Volumes/Android/buildbot/src/googleplex-android/emu-36-3-release/hardware/google/gfxstream/host/gl/glestranslator/gles_v2/gles_v2_imp.cpp:glUniformMatrix3fv:4036 error 0x502
/Volumes/Android/buildbot/src/googleplex-android/emu-36-3-release/hardware/google/gfxstream/host/gl/glestranslator/gles_v2/gles_v2_imp.cpp:glUniform4f:3997 error 0x502
/Volumes/Android/buildbot/src/googleplex-android/emu-36-3-release/hardware/google/gfxstream/host/gl/glestranslator/gles_v2/gles_v2_imp.cpp:glUniform2f:3941 error 0x502
/Volumes/Android/buildbot/src/googleplex-android/emu-36-3-release/hardware/google/gfxstream/host/gl/glestranslator/gles_v2/gles_v2_imp.cpp:glUniform2f:3941 error 0x502
/Volumes/Android/buildbot/src/googleplex-android/emu-36-3-release/hardware/google/gfxstream/host/gl/glestranslator/gles_v2/gles_v2_imp.cpp:glUniform4fv:4004 error 0x502
/Volumes/Android/buildbot/src/googleplex-android/emu-36-3-release/hardware/google/gfxstream/host/gl/glestranslator/gles_v2/gles_v2_imp.cpp:glUniform4fv:4004 error 0x502
/Volumes/Android/buildbot/src/googleplex-android/emu-36-3-release/hardware/google/gfxstream/host/gl/glestranslator/gles_v2/gles_v2_imp.cpp:glUniform4fv:4004 error 0x502
/Volumes/Android/buildbot/src/googleplex-android/emu-36-3-release/hardware/google/gfxstream/host/gl/glestranslator/gles_v2/gles_v2_imp.cpp:glUniformMatrix3fv:4036 error 0x502
/Volumes/Android/buildbot/src/googleplex-android/emu-36-3-release/hardware/google/gfxstream/host/gl/glestranslator/gles_v2/gles_v2_imp.cpp:glUniform4fv:4004 error 0x502
/Volumes/Android/buildbot/src/googleplex-android/emu-36-3-release/hardware/google/gfxstream/host/gl/glestranslator/gles_v2/gles_v2_imp.cpp:glUniform4fv:4004 error 0x502
/Volumes/Android/buildbot/src/googleplex-android/emu-36-3-release/hardware/google/gfxstream/host/gl/glestranslator/gles_v2/gles_v2_imp.cpp:glUniform4fv:4004 error 0x502
/Volumes/Android/buildbot/src/googleplex-android/emu-36-3-release/hardware/google/gfxstream/host/gl/glestranslator/gles_v2/gles_v2_imp.cpp:glUniformMatrix3fv:4036 error 0x502
/Volumes/Android/buildbot/src/googleplex-android/emu-36-3-release/hardware/google/gfxstream/host/gl/glestranslator/gles_v2/gles_v2_imp.cpp:glUniform4f:3997 error 0x502
/Volumes/Android/buildbot/src/googleplex-android/emu-36-3-release/hardware/google/gfxstream/host/gl/glestranslator/gles_v2/gles_v2_imp.cpp:glUniform2f:3941 error 0x502
/Volumes/Android/buildbot/src/googleplex-android/emu-36-3-release/hardware/google/gfxstream/host/gl/glestranslator/gles_v2/gles_v2_imp.cpp:glUniform2f:3941 error 0x502
/Volumes/Android/buildbot/src/googleplex-android/emu-36-3-release/hardware/google/gfxstream/host/gl/glestranslator/gles_v2/gles_v2_imp.cpp:glUniform4fv:4004 error 0x502
/Volumes/Android/buildbot/src/googleplex-android/emu-36-3-release/hardware/google/gfxstream/host/gl/glestranslator/gles_v2/gles_v2_imp.cpp:glUniform4fv:4004 error 0x502
/Volumes/Android/buildbot/src/googleplex-android/emu-36-3-release/hardware/google/gfxstream/host/gl/glestranslator/gles_v2/gles_v2_imp.cpp:glUniform4fv:4004 error 0x502
/Volumes/Android/buildbot/src/googleplex-android/emu-36-3-release/hardware/google/gfxstream/host/gl/glestranslator/gles_v2/gles_v2_imp.cpp:glUniformMatrix3fv:4036 error 0x502
/Volumes/Android/buildbot/src/googleplex-android/emu-36-3-release/hardware/google/gfxstream/host/gl/glestranslator/gles_v2/gles_v2_imp.cpp:glUniform4fv:4004 error 0x502
/Volumes/Android/buildbot/src/googleplex-android/emu-36-3-release/hardware/google/gfxstream/host/gl/glestranslator/gles_v2/gles_v2_imp.cpp:glUniform4fv:4004 error 0x502
/Volumes/Android/buildbot/src/googleplex-android/emu-36-3-release/hardware/google/gfxstream/host/gl/glestranslator/gles_v2/gles_v2_imp.cpp:glUniform4fv:4004 error 0x502
/Volumes/Android/buildbot/src/googleplex-android/emu-36-3-release/hardware/google/gfxstream/host/gl/glestranslator/gles_v2/gles_v2_imp.cpp:glUniformMatrix3fv:4036 error 0x502
/Volumes/Android/buildbot/src/googleplex-android/emu-36-3-release/hardware/google/gfxstream/host/gl/glestranslator/gles_v2/gles_v2_imp.cpp:glUniform4f:3997 error 0x502
/Volumes/Android/buildbot/src/googleplex-android/emu-36-3-release/hardware/google/gfxstream/host/gl/glestranslator/gles_v2/gles_v2_imp.cpp:glUniform2f:3941 error 0x502
/Volumes/Android/buildbot/src/googleplex-android/emu-36-3-release/hardware/google/gfxstream/host/gl/glestranslator/gles_v2/gles_v2_imp.cpp:glUniform2f:3941 error 0x502
/Volumes/Android/buildbot/src/googleplex-android/emu-36-3-release/hardware/google/gfxstream/host/gl/glestranslator/gles_v2/gles_v2_imp.cpp:glUniform4fv:4004 error 0x502
/Volumes/Android/buildbot/src/googleplex-android/emu-36-3-release/hardware/google/gfxstream/host/gl/glestranslator/gles_v2/gles_v2_imp.cpp:glUniform4fv:4004 error 0x502
/Volumes/Android/buildbot/src/googleplex-android/emu-36-3-release/hardware/google/gfxstream/host/gl/glestranslator/gles_v2/gles_v2_imp.cpp:glUniform4fv:4004 error 0x502
/Volumes/Android/buildbot/src/googleplex-android/emu-36-3-release/hardware/google/gfxstream/host/gl/glestranslator/gles_v2/gles_v2_imp.cpp:glUniformMatrix3fv:4036 error 0x502
/Volumes/Android/buildbot/src/googleplex-android/emu-36-3-release/hardware/google/gfxstream/host/gl/glestranslator/gles_v2/gles_v2_imp.cpp:glUniform4fv:4004 error 0x502
/Volumes/Android/buildbot/src/googleplex-android/emu-36-3-release/hardware/google/gfxstream/host/gl/glestranslator/gles_v2/gles_v2_imp.cpp:glUniform4fv:4004 error 0x502
/Volumes/Android/buildbot/src/googleplex-android/emu-36-3-release/hardware/google/gfxstream/host/gl/glestranslator/gles_v2/gles_v2_imp.cpp:glUniform4fv:4004 error 0x502
/Volumes/Android/buildbot/src/googleplex-android/emu-36-3-release/hardware/google/gfxstream/host/gl/glestranslator/gles_v2/gles_v2_imp.cpp:glUniformMatrix3fv:4036 error 0x502
/Volumes/Android/buildbot/src/googleplex-android/emu-36-3-release/hardware/google/gfxstream/host/gl/glestranslator/gles_v2/gles_v2_imp.cpp:glUniform4f:3997 error 0x502
/Volumes/Android/buildbot/src/googleplex-android/emu-36-3-release/hardware/google/gfxstream/host/gl/glestranslator/gles_v2/gles_v2_imp.cpp:glUniform2f:3941 error 0x502
/Volumes/Android/buildbot/src/googleplex-android/emu-36-3-release/hardware/google/gfxstream/host/gl/glestranslator/gles_v2/gles_v2_imp.cpp:glUniform2f:3941 error 0x502
/Volumes/Android/buildbot/src/googleplex-android/emu-36-3-release/hardware/google/gfxstream/host/gl/glestranslator/gles_v2/gles_v2_imp.cpp:glUniform4fv:4004 error 0x502
/Volumes/Android/buildbot/src/googleplex-android/emu-36-3-release/hardware/google/gfxstream/host/gl/glestranslator/gles_v2/gles_v2_imp.cpp:glUniform4fv:4004 error 0x502
/Volumes/Android/buildbot/src/googleplex-android/emu-36-3-release/hardware/google/gfxstream/host/gl/glestranslator/gles_v2/gles_v2_imp.cpp:glUniform4fv:4004 error 0x502
/Volumes/Android/buildbot/src/googleplex-android/emu-36-3-release/hardware/google/gfxstream/host/gl/glestranslator/gles_v2/gles_v2_imp.cpp:glUniformMatrix3fv:4036 error 0x502
/Volumes/Android/buildbot/src/googleplex-android/emu-36-3-release/hardware/google/gfxstream/host/gl/glestranslator/gles_v2/gles_v2_imp.cpp:glUniform4fv:4004 error 0x502
/Volumes/Android/buildbot/src/googleplex-android/emu-36-3-release/hardware/google/gfxstream/host/gl/glestranslator/gles_v2/gles_v2_imp.cpp:glUniform4fv:4004 error 0x502
/Volumes/Android/buildbot/src/googleplex-android/emu-36-3-release/hardware/google/gfxstream/host/gl/glestranslator/gles_v2/gles_v2_imp.cpp:glUniform4fv:4004 error 0x502
/Volumes/Android/buildbot/src/googleplex-android/emu-36-3-release/hardware/google/gfxstream/host/gl/glestranslator/gles_v2/gles_v2_imp.cpp:glUniformMatrix3fv:4036 error 0x502
/Volumes/Android/buildbot/src/googleplex-android/emu-36-3-release/hardware/google/gfxstream/host/gl/glestranslator/gles_v2/gles_v2_imp.cpp:glUniform4f:3997 error 0x502
/Volumes/Android/buildbot/src/googleplex-android/emu-36-3-release/hardware/google/gfxstream/host/gl/glestranslator/gles_v2/gles_v2_imp.cpp:glUniform2f:3941 error 0x502
/Volumes/Android/buildbot/src/googleplex-android/emu-36-3-release/hardware/google/gfxstream/host/gl/glestranslator/gles_v2/gles_v2_imp.cpp:glUniform2f:3941 error 0x502
/Volumes/Android/buildbot/src/googleplex-android/emu-36-3-release/hardware/google/gfxstream/host/gl/glestranslator/gles_v2/gles_v2_imp.cpp:glUniform4fv:4004 error 0x502
/Volumes/Android/buildbot/src/googleplex-android/emu-36-3-release/hardware/google/gfxstream/host/gl/glestranslator/gles_v2/gles_v2_imp.cpp:glUniform4fv:4004 error 0x502
/Volumes/Android/buildbot/src/googleplex-android/emu-36-3-release/hardware/google/gfxstream/host/gl/glestranslator/gles_v2/gles_v2_imp.cpp:glUniform4fv:4004 error 0x502
/Volumes/Android/buildbot/src/googleplex-android/emu-36-3-release/hardware/google/gfxstream/host/gl/glestranslator/gles_v2/gles_v2_imp.cpp:glUniformMatrix3fv:4036 error 0x502
/Volumes/Android/buildbot/src/googleplex-android/emu-36-3-release/hardware/google/gfxstream/host/gl/glestranslator/gles_v2/gles_v2_imp.cpp:glUniform4fv:4004 error 0x502
/Volumes/Android/buildbot/src/googleplex-android/emu-36-3-release/hardware/google/gfxstream/host/gl/glestranslator/gles_v2/gles_v2_imp.cpp:glUniform4fv:4004 error 0x502
/Volumes/Android/buildbot/src/googleplex-android/emu-36-3-release/hardware/google/gfxstream/host/gl/glestranslator/gles_v2/gles_v2_imp.cpp:glUniform4fv:4004 error 0x502
/Volumes/Android/buildbot/src/googleplex-android/emu-36-3-release/hardware/google/gfxstream/host/gl/glestranslator/gles_v2/gles_v2_imp.cpp:glUniformMatrix3fv:4036 error 0x502
/Volumes/Android/buildbot/src/googleplex-android/emu-36-3-release/hardware/google/gfxstream/host/gl/glestranslator/gles_v2/gles_v2_imp.cpp:glUniform4f:3997 error 0x502
/Volumes/Android/buildbot/src/googleplex-android/emu-36-3-release/hardware/google/gfxstream/host/gl/glestranslator/gles_v2/gles_v2_imp.cpp:glUniform2f:3941 error 0x502
/Volumes/Android/buildbot/src/googleplex-android/emu-36-3-release/hardware/google/gfxstream/host/gl/glestranslator/gles_v2/gles_v2_imp.cpp:glUniform2f:3941 error 0x502
/Volumes/Android/buildbot/src/googleplex-android/emu-36-3-release/hardware/google/gfxstream/host/gl/glestranslator/gles_v2/gles_v2_imp.cpp:glUniform4fv:4004 error 0x502
/Volumes/Android/buildbot/src/googleplex-android/emu-36-3-release/hardware/google/gfxstream/host/gl/glestranslator/gles_v2/gles_v2_imp.cpp:glUniform4fv:4004 error 0x502
/Volumes/Android/buildbot/src/googleplex-android/emu-36-3-release/hardware/google/gfxstream/host/gl/glestranslator/gles_v2/gles_v2_imp.cpp:glUniform4fv:4004 error 0x502
/Volumes/Android/buildbot/src/googleplex-android/emu-36-3-release/hardware/google/gfxstream/host/gl/glestranslator/gles_v2/gles_v2_imp.cpp:glUniformMatrix3fv:4036 error 0x502
/Volumes/Android/buildbot/src/googleplex-android/emu-36-3-release/hardware/google/gfxstream/host/gl/glestranslator/gles_v2/gles_v2_imp.cpp:glUniform4fv:4004 error 0x502
INFO         | Created VkInstance:0x11616da00 for application:'Chromium' engine:''.
INFO         | Created VkDevice:0x179368010 for application:'Chromium' instance:0x11616da00. ASTC emulation:off CPU decoding:off.
/Volumes/Android/buildbot/src/googleplex-android/emu-36-3-release/hardware/google/gfxstream/host/gl/glestranslator/gles_v2/gles_v2_imp.cpp:glUniform4fv:4004 error 0x502
/Volumes/Android/buildbot/src/googleplex-android/emu-36-3-release/hardware/google/gfxstream/host/gl/glestranslator/gles_v2/gles_v2_imp.cpp:glUniform4fv:4004 error 0x502
/Volumes/Android/buildbot/src/googleplex-android/emu-36-3-release/hardware/google/gfxstream/host/gl/glestranslator/gles_v2/gles_v2_imp.cpp:glUniformMatrix3fv:4036 error 0x502
/Volumes/Android/buildbot/src/googleplex-android/emu-36-3-release/hardware/google/gfxstream/host/gl/glestranslator/gles_v2/gles_v2_imp.cpp:glUniform4f:3997 error 0x502
/Volumes/Android/buildbot/src/googleplex-android/emu-36-3-release/hardware/google/gfxstream/host/gl/glestranslator/gles_v2/gles_v2_imp.cpp:glUniform2f:3941 error 0x502
/Volumes/Android/buildbot/src/googleplex-android/emu-36-3-release/hardware/google/gfxstream/host/gl/glestranslator/gles_v2/gles_v2_imp.cpp:glUniform2f:3941 error 0x502
/Volumes/Android/buildbot/src/googleplex-android/emu-36-3-release/hardware/google/gfxstream/host/gl/glestranslator/gles_v2/gles_v2_imp.cpp:glUniform4fv:4004 error 0x502
/Volumes/Android/buildbot/src/googleplex-android/emu-36-3-release/hardware/google/gfxstream/host/gl/glestranslator/gles_v2/gles_v2_imp.cpp:glUniform4fv:4004 error 0x502
/Volumes/Android/buildbot/src/googleplex-android/emu-36-3-release/hardware/google/gfxstream/host/gl/glestranslator/gles_v2/gles_v2_imp.cpp:glUniform4fv:4004 error 0x502
/Volumes/Android/buildbot/src/googleplex-android/emu-36-3-release/hardware/google/gfxstream/host/gl/glestranslator/gles_v2/gles_v2_imp.cpp:glUniformMatrix3fv:4036 error 0x502
/Volumes/Android/buildbot/src/googleplex-android/emu-36-3-release/hardware/google/gfxstream/host/gl/glestranslator/gles_v2/gles_v2_imp.cpp:glUniform4fv:4004 error 0x502
/Volumes/Android/buildbot/src/googleplex-android/emu-36-3-release/hardware/google/gfxstream/host/gl/glestranslator/gles_v2/gles_v2_imp.cpp:glUniform4fv:4004 error 0x502
/Volumes/Android/buildbot/src/googleplex-android/emu-36-3-release/hardware/google/gfxstream/host/gl/glestranslator/gles_v2/gles_v2_imp.cpp:glUniform4fv:4004 error 0x502
/Volumes/Android/buildbot/src/googleplex-android/emu-36-3-release/hardware/google/gfxstream/host/gl/glestranslator/gles_v2/gles_v2_imp.cpp:glUniformMatrix3fv:4036 error 0x502
/Volumes/Android/buildbot/src/googleplex-android/emu-36-3-release/hardware/google/gfxstream/host/gl/glestranslator/gles_v2/gles_v2_imp.cpp:glUniform4f:3997 error 0x502
/Volumes/Android/buildbot/src/googleplex-android/emu-36-3-release/hardware/google/gfxstream/host/gl/glestranslator/gles_v2/gles_v2_imp.cpp:glUniform2f:3941 error 0x502
/Volumes/Android/buildbot/src/googleplex-android/emu-36-3-release/hardware/google/gfxstream/host/gl/glestranslator/gles_v2/gles_v2_imp.cpp:glUniform2f:3941 error 0x502
/Volumes/Android/buildbot/src/googleplex-android/emu-36-3-release/hardware/google/gfxstream/host/gl/glestranslator/gles_v2/gles_v2_imp.cpp:glUniform4fv:4004 error 0x502
/Volumes/Android/buildbot/src/googleplex-android/emu-36-3-release/hardware/google/gfxstream/host/gl/glestranslator/gles_v2/gles_v2_imp.cpp:glUniform4fv:4004 error 0x502
/Volumes/Android/buildbot/src/googleplex-android/emu-36-3-release/hardware/google/gfxstream/host/gl/glestranslator/gles_v2/gles_v2_imp.cpp:glUniform4fv:4004 error 0x502
/Volumes/Android/buildbot/src/googleplex-android/emu-36-3-release/hardware/google/gfxstream/host/gl/glestranslator/gles_v2/gles_v2_imp.cpp:glUniformMatrix3fv:4036 error 0x502
/Volumes/Android/buildbot/src/googleplex-android/emu-36-3-release/hardware/google/gfxstream/host/gl/glestranslator/gles_v2/gles_v2_imp.cpp:glUniform4fv:4004 error 0x502
/Volumes/Android/buildbot/src/googleplex-android/emu-36-3-release/hardware/google/gfxstream/host/gl/glestranslator/gles_v2/gles_v2_imp.cpp:glUniform4fv:4004 error 0x502
/Volumes/Android/buildbot/src/googleplex-android/emu-36-3-release/hardware/google/gfxstream/host/gl/glestranslator/gles_v2/gles_v2_imp.cpp:glUniform4fv:4004 error 0x502
/Volumes/Android/buildbot/src/googleplex-android/emu-36-3-release/hardware/google/gfxstream/host/gl/glestranslator/gles_v2/gles_v2_imp.cpp:glUniformMatrix3fv:4036 error 0x502
/Volumes/Android/buildbot/src/googleplex-android/emu-36-3-release/hardware/google/gfxstream/host/gl/glestranslator/gles_v2/gles_v2_imp.cpp:glUniform4f:3997 error 0x502
/Volumes/Android/buildbot/src/googleplex-android/emu-36-3-release/hardware/google/gfxstream/host/gl/glestranslator/gles_v2/gles_v2_imp.cpp:glUniform2f:3941 error 0x502
/Volumes/Android/buildbot/src/googleplex-android/emu-36-3-release/hardware/google/gfxstream/host/gl/glestranslator/gles_v2/gles_v2_imp.cpp:glUniform2f:3941 error 0x502
/Volumes/Android/buildbot/src/googleplex-android/emu-36-3-release/hardware/google/gfxstream/host/gl/glestranslator/gles_v2/gles_v2_imp.cpp:glUniform4fv:4004 error 0x502
/Volumes/Android/buildbot/src/googleplex-android/emu-36-3-release/hardware/google/gfxstream/host/gl/glestranslator/gles_v2/gles_v2_imp.cpp:glUniform4fv:4004 error 0x502
/Volumes/Android/buildbot/src/googleplex-android/emu-36-3-release/hardware/google/gfxstream/host/gl/glestranslator/gles_v2/gles_v2_imp.cpp:glUniform4fv:4004 error 0x502
/Volumes/Android/buildbot/src/googleplex-android/emu-36-3-release/hardware/google/gfxstream/host/gl/glestranslator/gles_v2/gles_v2_imp.cpp:glUniformMatrix3fv:4036 error 0x502
/Volumes/Android/buildbot/src/googleplex-android/emu-36-3-release/hardware/google/gfxstream/host/gl/glestranslator/gles_v2/gles_v2_imp.cpp:glUniform4fv:4004 error 0x502
/Volumes/Android/buildbot/src/googleplex-android/emu-36-3-release/hardware/google/gfxstream/host/gl/glestranslator/gles_v2/gles_v2_imp.cpp:glUniform4fv:4004 error 0x502
/Volumes/Android/buildbot/src/googleplex-android/emu-36-3-release/hardware/google/gfxstream/host/gl/glestranslator/gles_v2/gles_v2_imp.cpp:glUniform4fv:4004 error 0x502
/Volumes/Android/buildbot/src/googleplex-android/emu-36-3-release/hardware/google/gfxstream/host/gl/glestranslator/gles_v2/gles_v2_imp.cpp:glUniformMatrix3fv:4036 error 0x502
/Volumes/Android/buildbot/src/googleplex-android/emu-36-3-release/hardware/google/gfxstream/host/gl/glestranslator/gles_v2/gles_v2_imp.cpp:glUniform4f:3997 error 0x502
/Volumes/Android/buildbot/src/googleplex-android/emu-36-3-release/hardware/google/gfxstream/host/gl/glestranslator/gles_v2/gles_v2_imp.cpp:glUniform2f:3941 error 0x502
/Volumes/Android/buildbot/src/googleplex-android/emu-36-3-release/hardware/google/gfxstream/host/gl/glestranslator/gles_v2/gles_v2_imp.cpp:glUniform2f:3941 error 0x502
/Volumes/Android/buildbot/src/googleplex-android/emu-36-3-release/hardware/google/gfxstream/host/gl/glestranslator/gles_v2/gles_v2_imp.cpp:glUniform4fv:4004 error 0x502
/Volumes/Android/buildbot/src/googleplex-android/emu-36-3-release/hardware/google/gfxstream/host/gl/glestranslator/gles_v2/gles_v2_imp.cpp:glUniform4fv:4004 error 0x502
/Volumes/Android/buildbot/src/googleplex-android/emu-36-3-release/hardware/google/gfxstream/host/gl/glestranslator/gles_v2/gles_v2_imp.cpp:glUniform4fv:4004 error 0x502
/Volumes/Android/buildbot/src/googleplex-android/emu-36-3-release/hardware/google/gfxstream/host/gl/glestranslator/gles_v2/gles_v2_imp.cpp:glUniformMatrix3fv:4036 error 0x502
/Volumes/Android/buildbot/src/googleplex-android/emu-36-3-release/hardware/google/gfxstream/host/gl/glestranslator/gles_v2/gles_v2_imp.cpp:glUniform4fv:4004 error 0x502
/Volumes/Android/buildbot/src/googleplex-android/emu-36-3-release/hardware/google/gfxstream/host/gl/glestranslator/gles_v2/gles_v2_imp.cpp:glUniform4fv:4004 error 0x502
/Volumes/Android/buildbot/src/googleplex-android/emu-36-3-release/hardware/google/gfxstream/host/gl/glestranslator/gles_v2/gles_v2_imp.cpp:glUniform4fv:4004 error 0x502
/Volumes/Android/buildbot/src/googleplex-android/emu-36-3-release/hardware/google/gfxstream/host/gl/glestranslator/gles_v2/gles_v2_imp.cpp:glUniformMatrix3fv:4036 error 0x502
/Volumes/Android/buildbot/src/googleplex-android/emu-36-3-release/hardware/google/gfxstream/host/gl/glestranslator/gles_v2/gles_v2_imp.cpp:glUniform4f:3997 error 0x502
/Volumes/Android/buildbot/src/googleplex-android/emu-36-3-release/hardware/google/gfxstream/host/gl/glestranslator/gles_v2/gles_v2_imp.cpp:glUniform2f:3941 error 0x502
/Volumes/Android/buildbot/src/googleplex-android/emu-36-3-release/hardware/google/gfxstream/host/gl/glestranslator/gles_v2/gles_v2_imp.cpp:glUniform2f:3941 error 0x502
/Volumes/Android/buildbot/src/googleplex-android/emu-36-3-release/hardware/google/gfxstream/host/gl/glestranslator/gles_v2/gles_v2_imp.cpp:glUniform4fv:4004 error 0x502
/Volumes/Android/buildbot/src/googleplex-android/emu-36-3-release/hardware/google/gfxstream/host/gl/glestranslator/gles_v2/gles_v2_imp.cpp:glUniform4fv:4004 error 0x502
/Volumes/Android/buildbot/src/googleplex-android/emu-36-3-release/hardware/google/gfxstream/host/gl/glestranslator/gles_v2/gles_v2_imp.cpp:glUniform4fv:4004 error 0x502
/Volumes/Android/buildbot/src/googleplex-android/emu-36-3-release/hardware/google/gfxstream/host/gl/glestranslator/gles_v2/gles_v2_imp.cpp:glUniformMatrix3fv:4036 error 0x502
/Volumes/Android/buildbot/src/googleplex-android/emu-36-3-release/hardware/google/gfxstream/host/gl/glestranslator/gles_v2/gles_v2_imp.cpp:glUniform4fv:4004 error 0x502
/Volumes/Android/buildbot/src/googleplex-android/emu-36-3-release/hardware/google/gfxstream/host/gl/glestranslator/gles_v2/gles_v2_imp.cpp:glUniform4fv:4004 error 0x502
/Volumes/Android/buildbot/src/googleplex-android/emu-36-3-release/hardware/google/gfxstream/host/gl/glestranslator/gles_v2/gles_v2_imp.cpp:glUniform4fv:4004 error 0x502
/Volumes/Android/buildbot/src/googleplex-android/emu-36-3-release/hardware/google/gfxstream/host/gl/glestranslator/gles_v2/gles_v2_imp.cpp:glUniformMatrix3fv:4036 error 0x502
/Volumes/Android/buildbot/src/googleplex-android/emu-36-3-release/hardware/google/gfxstream/host/gl/glestranslator/gles_v2/gles_v2_imp.cpp:glUniform4f:3997 error 0x502
/Volumes/Android/buildbot/src/googleplex-android/emu-36-3-release/hardware/google/gfxstream/host/gl/glestranslator/gles_v2/gles_v2_imp.cpp:glUniform2f:3941 error 0x502
/Volumes/Android/buildbot/src/googleplex-android/emu-36-3-release/hardware/google/gfxstream/host/gl/glestranslator/gles_v2/gles_v2_imp.cpp:glUniform2f:3941 error 0x502
/Volumes/Android/buildbot/src/googleplex-android/emu-36-3-release/hardware/google/gfxstream/host/gl/glestranslator/gles_v2/gles_v2_imp.cpp:glUniform4fv:4004 error 0x502
/Volumes/Android/buildbot/src/googleplex-android/emu-36-3-release/hardware/google/gfxstream/host/gl/glestranslator/gles_v2/gles_v2_imp.cpp:glUniform4fv:4004 error 0x502
/Volumes/Android/buildbot/src/googleplex-android/emu-36-3-release/hardware/google/gfxstream/host/gl/glestranslator/gles_v2/gles_v2_imp.cpp:glUniform4fv:4004 error 0x502
/Volumes/Android/buildbot/src/googleplex-android/emu-36-3-release/hardware/google/gfxstream/host/gl/glestranslator/gles_v2/gles_v2_imp.cpp:glUniformMatrix3fv:4036 error 0x502
/Volumes/Android/buildbot/src/googleplex-android/emu-36-3-release/hardware/google/gfxstream/host/gl/glestranslator/gles_v2/gles_v2_imp.cpp:glUniform4fv:4004 error 0x502
/Volumes/Android/buildbot/src/googleplex-android/emu-36-3-release/hardware/google/gfxstream/host/gl/glestranslator/gles_v2/gles_v2_imp.cpp:glUniform4fv:4004 error 0x502
/Volumes/Android/buildbot/src/googleplex-android/emu-36-3-release/hardware/google/gfxstream/host/gl/glestranslator/gles_v2/gles_v2_imp.cpp:glUniform4fv:4004 error 0x502
/Volumes/Android/buildbot/src/googleplex-android/emu-36-3-release/hardware/google/gfxstream/host/gl/glestranslator/gles_v2/gles_v2_imp.cpp:glUniformMatrix3fv:4036 error 0x502
/Volumes/Android/buildbot/src/googleplex-android/emu-36-3-release/hardware/google/gfxstream/host/gl/glestranslator/gles_v2/gles_v2_imp.cpp:glUniform4f:3997 error 0x502
/Volumes/Android/buildbot/src/googleplex-android/emu-36-3-release/hardware/google/gfxstream/host/gl/glestranslator/gles_v2/gles_v2_imp.cpp:glUniform2f:3941 error 0x502
/Volumes/Android/buildbot/src/googleplex-android/emu-36-3-release/hardware/google/gfxstream/host/gl/glestranslator/gles_v2/gles_v2_imp.cpp:glUniform2f:3941 error 0x502
/Volumes/Android/buildbot/src/googleplex-android/emu-36-3-release/hardware/google/gfxstream/host/gl/glestranslator/gles_v2/gles_v2_imp.cpp:glUniform4fv:4004 error 0x502
/Volumes/Android/buildbot/src/googleplex-android/emu-36-3-release/hardware/google/gfxstream/host/gl/glestranslator/gles_v2/gles_v2_imp.cpp:glUniform4fv:4004 error 0x502
/Volumes/Android/buildbot/src/googleplex-android/emu-36-3-release/hardware/google/gfxstream/host/gl/glestranslator/gles_v2/gles_v2_imp.cpp:glUniform4fv:4004 error 0x502
/Volumes/Android/buildbot/src/googleplex-android/emu-36-3-release/hardware/google/gfxstream/host/gl/glestranslator/gles_v2/gles_v2_imp.cpp:glUniformMatrix3fv:4036 error 0x502
/Volumes/Android/buildbot/src/googleplex-android/emu-36-3-release/hardware/google/gfxstream/host/gl/glestranslator/gles_v2/gles_v2_imp.cpp:glUniform4fv:4004 error 0x502
/Volumes/Android/buildbot/src/googleplex-android/emu-36-3-release/hardware/google/gfxstream/host/gl/glestranslator/gles_v2/gles_v2_imp.cpp:glUniformMatrix3fv:4036 error 0x502
glTexImage2D: got err pre :( 0x502 internal 0x8058 format 0x1908 type 0x1401
/Volumes/Android/buildbot/src/googleplex-android/emu-36-3-release/hardware/google/gfxstream/host/gl/glestranslator/gles_v2/gles_v2_imp.cpp:glUniform4fv:4004 error 0x502
/Volumes/Android/buildbot/src/googleplex-android/emu-36-3-release/hardware/google/gfxstream/host/gl/glestranslator/gles_v2/gles_v2_imp.cpp:glUniform4fv:4004 error 0x502
/Volumes/Android/buildbot/src/googleplex-android/emu-36-3-release/hardware/google/gfxstream/host/gl/glestranslator/gles_v2/gles_v2_imp.cpp:glUniformMatrix3fv:4036 error 0x502
/Volumes/Android/buildbot/src/googleplex-android/emu-36-3-release/hardware/google/gfxstream/host/gl/glestranslator/gles_v2/gles_v2_imp.cpp:glUniform4f:3997 error 0x502
/Volumes/Android/buildbot/src/googleplex-android/emu-36-3-release/hardware/google/gfxstream/host/gl/glestranslator/gles_v2/gles_v2_imp.cpp:glUniform2f:3941 error 0x502
/Volumes/Android/buildbot/src/googleplex-android/emu-36-3-release/hardware/google/gfxstream/host/gl/glestranslator/gles_v2/gles_v2_imp.cpp:glUniform2f:3941 error 0x502
/Volumes/Android/buildbot/src/googleplex-android/emu-36-3-release/hardware/google/gfxstream/host/gl/glestranslator/gles_v2/gles_v2_imp.cpp:glUniform4fv:4004 error 0x502
/Volumes/Android/buildbot/src/googleplex-android/emu-36-3-release/hardware/google/gfxstream/host/gl/glestranslator/gles_v2/gles_v2_imp.cpp:glUniform4fv:4004 error 0x502
/Volumes/Android/buildbot/src/googleplex-android/emu-36-3-release/hardware/google/gfxstream/host/gl/glestranslator/gles_v2/gles_v2_imp.cpp:glUniform4fv:4004 error 0x502
/Volumes/Android/buildbot/src/googleplex-android/emu-36-3-release/hardware/google/gfxstream/host/gl/glestranslator/gles_v2/gles_v2_imp.cpp:glUniformMatrix3fv:4036 error 0x502
/Volumes/Android/buildbot/src/googleplex-android/emu-36-3-release/hardware/google/gfxstream/host/gl/glestranslator/gles_v2/gles_v2_imp.cpp:glUniform4fv:4004 error 0x502
/Volumes/Android/buildbot/src/googleplex-android/emu-36-3-release/hardware/google/gfxstream/host/gl/glestranslator/gles_v2/gles_v2_imp.cpp:glUniformMatrix3fv:4036 error 0x502
/Volumes/Android/buildbot/src/googleplex-android/emu-36-3-release/hardware/google/gfxstream/host/gl/glestranslator/gles_v2/gles_v2_imp.cpp:glUniform4fv:4004 error 0x502
/Volumes/Android/buildbot/src/googleplex-android/emu-36-3-release/hardware/google/gfxstream/host/gl/glestranslator/gles_v2/gles_v2_imp.cpp:glUniformMatrix3fv:4036 error 0x502
/Volumes/Android/buildbot/src/googleplex-android/emu-36-3-release/hardware/google/gfxstream/host/gl/glestranslator/gles_v2/gles_v2_imp.cpp:glUniformMatrix3fv:4036 error 0x502
/Volumes/Android/buildbot/src/googleplex-android/emu-36-3-release/hardware/google/gfxstream/host/gl/glestranslator/gles_v2/gles_v2_imp.cpp:glUniform4fv:4004 error 0x502
/Volumes/Android/buildbot/src/googleplex-android/emu-36-3-release/hardware/google/gfxstream/host/gl/glestranslator/gles_v2/gles_v2_imp.cpp:glUniform4fv:4004 error 0x502
/Volumes/Android/buildbot/src/googleplex-android/emu-36-3-release/hardware/google/gfxstream/host/gl/glestranslator/gles_v2/gles_v2_imp.cpp:glUniformMatrix3fv:4036 error 0x502
/Volumes/Android/buildbot/src/googleplex-android/emu-36-3-release/hardware/google/gfxstream/host/gl/glestranslator/gles_v2/gles_v2_imp.cpp:glUniform4f:3997 error 0x502
/Volumes/Android/buildbot/src/googleplex-android/emu-36-3-release/hardware/google/gfxstream/host/gl/glestranslator/gles_v2/gles_v2_imp.cpp:glUniform2f:3941 error 0x502
/Volumes/Android/buildbot/src/googleplex-android/emu-36-3-release/hardware/google/gfxstream/host/gl/glestranslator/gles_v2/gles_v2_imp.cpp:glUniform2f:3941 error 0x502
/Volumes/Android/buildbot/src/googleplex-android/emu-36-3-release/hardware/google/gfxstream/host/gl/glestranslator/gles_v2/gles_v2_imp.cpp:glUniform4fv:4004 error 0x502
/Volumes/Android/buildbot/src/googleplex-android/emu-36-3-release/hardware/google/gfxstream/host/gl/glestranslator/gles_v2/gles_v2_imp.cpp:glUniform4fv:4004 error 0x502
/Volumes/Android/buildbot/src/googleplex-android/emu-36-3-release/hardware/google/gfxstream/host/gl/glestranslator/gles_v2/gles_v2_imp.cpp:glUniform4fv:4004 error 0x502
/Volumes/Android/buildbot/src/googleplex-android/emu-36-3-release/hardware/google/gfxstream/host/gl/glestranslator/gles_v2/gles_v2_imp.cpp:glUniformMatrix3fv:4036 error 0x502
/Volumes/Android/buildbot/src/googleplex-android/emu-36-3-release/hardware/google/gfxstream/host/gl/glestranslator/gles_v2/gles_v2_imp.cpp:glUniform4fv:4004 error 0x502
/Volumes/Android/buildbot/src/googleplex-android/emu-36-3-release/hardware/google/gfxstream/host/gl/glestranslator/gles_v2/gles_v2_imp.cpp:glUniformMatrix3fv:4036 error 0x502
/Volumes/Android/buildbot/src/googleplex-android/emu-36-3-release/hardware/google/gfxstream/host/gl/glestranslator/gles_v2/gles_v2_imp.cpp:glUniformMatrix3fv:4036 error 0x502
glTexImage2D: got err pre :( 0x502 internal 0x8058 format 0x1908 type 0x1401
/Volumes/Android/buildbot/src/googleplex-android/emu-36-3-release/hardware/google/gfxstream/host/gl/glestranslator/gles_v2/gles_v2_imp.cpp:glUniform4fv:4004 error 0x502
/Volumes/Android/buildbot/src/googleplex-android/emu-36-3-release/hardware/google/gfxstream/host/gl/glestranslator/gles_v2/gles_v2_imp.cpp:glUniform4fv:4004 error 0x502
/Volumes/Android/buildbot/src/googleplex-android/emu-36-3-release/hardware/google/gfxstream/host/gl/glestranslator/gles_v2/gles_v2_imp.cpp:glUniformMatrix3fv:4036 error 0x502
/Volumes/Android/buildbot/src/googleplex-android/emu-36-3-release/hardware/google/gfxstream/host/gl/glestranslator/gles_v2/gles_v2_imp.cpp:glUniform4f:3997 error 0x502
/Volumes/Android/buildbot/src/googleplex-android/emu-36-3-release/hardware/google/gfxstream/host/gl/glestranslator/gles_v2/gles_v2_imp.cpp:glUniform2f:3941 error 0x502
/Volumes/Android/buildbot/src/googleplex-android/emu-36-3-release/hardware/google/gfxstream/host/gl/glestranslator/gles_v2/gles_v2_imp.cpp:glUniform2f:3941 error 0x502
/Volumes/Android/buildbot/src/googleplex-android/emu-36-3-release/hardware/google/gfxstream/host/gl/glestranslator/gles_v2/gles_v2_imp.cpp:glUniform4fv:4004 error 0x502
/Volumes/Android/buildbot/src/googleplex-android/emu-36-3-release/hardware/google/gfxstream/host/gl/glestranslator/gles_v2/gles_v2_imp.cpp:glUniform4fv:4004 error 0x502
/Volumes/Android/buildbot/src/googleplex-android/emu-36-3-release/hardware/google/gfxstream/host/gl/glestranslator/gles_v2/gles_v2_imp.cpp:glUniform4fv:4004 error 0x502
/Volumes/Android/buildbot/src/googleplex-android/emu-36-3-release/hardware/google/gfxstream/host/gl/glestranslator/gles_v2/gles_v2_imp.cpp:glUniformMatrix3fv:4036 error 0x502
/Volumes/Android/buildbot/src/googleplex-android/emu-36-3-release/hardware/google/gfxstream/host/gl/glestranslator/gles_v2/gles_v2_imp.cpp:glUniform4fv:4004 error 0x502
/Volumes/Android/buildbot/src/googleplex-android/emu-36-3-release/hardware/google/gfxstream/host/gl/glestranslator/gles_v2/gles_v2_imp.cpp:glUniform4fv:4004 error 0x502
/Volumes/Android/buildbot/src/googleplex-android/emu-36-3-release/hardware/google/gfxstream/host/gl/glestranslator/gles_v2/gles_v2_imp.cpp:glUniformMatrix3fv:4036 error 0x502
/Volumes/Android/buildbot/src/googleplex-android/emu-36-3-release/hardware/google/gfxstream/host/gl/glestranslator/gles_v2/gles_v2_imp.cpp:glUniform4fv:4004 error 0x502
/Volumes/Android/buildbot/src/googleplex-android/emu-36-3-release/hardware/google/gfxstream/host/gl/glestranslator/gles_v2/gles_v2_imp.cpp:glUniform4fv:4004 error 0x502
/Volumes/Android/buildbot/src/googleplex-android/emu-36-3-release/hardware/google/gfxstream/host/gl/glestranslator/gles_v2/gles_v2_imp.cpp:glUniformMatrix3fv:4036 error 0x502
/Volumes/Android/buildbot/src/googleplex-android/emu-36-3-release/hardware/google/gfxstream/host/gl/glestranslator/gles_v2/gles_v2_imp.cpp:glUniform4f:3997 error 0x502
/Volumes/Android/buildbot/src/googleplex-android/emu-36-3-release/hardware/google/gfxstream/host/gl/glestranslator/gles_v2/gles_v2_imp.cpp:glUniform2f:3941 error 0x502
/Volumes/Android/buildbot/src/googleplex-android/emu-36-3-release/hardware/google/gfxstream/host/gl/glestranslator/gles_v2/gles_v2_imp.cpp:glUniform2f:3941 error 0x502
/Volumes/Android/buildbot/src/googleplex-android/emu-36-3-release/hardware/google/gfxstream/host/gl/glestranslator/gles_v2/gles_v2_imp.cpp:glUniform4fv:4004 error 0x502
/Volumes/Android/buildbot/src/googleplex-android/emu-36-3-release/hardware/google/gfxstream/host/gl/glestranslator/gles_v2/gles_v2_imp.cpp:glUniform4fv:4004 error 0x502
/Volumes/Android/buildbot/src/googleplex-android/emu-36-3-release/hardware/google/gfxstream/host/gl/glestranslator/gles_v2/gles_v2_imp.cpp:glUniform4fv:4004 error 0x502
/Volumes/Android/buildbot/src/googleplex-android/emu-36-3-release/hardware/google/gfxstream/host/gl/glestranslator/gles_v2/gles_v2_imp.cpp:glUniformMatrix3fv:4036 error 0x502
/Volumes/Android/buildbot/src/googleplex-android/emu-36-3-release/hardware/google/gfxstream/host/gl/glestranslator/gles_v2/gles_v2_imp.cpp:glUniform4fv:4004 error 0x502
/Volumes/Android/buildbot/src/googleplex-android/emu-36-3-release/hardware/google/gfxstream/host/gl/glestranslator/gles_v2/gles_v2_imp.cpp:glUniform4fv:4004 error 0x502
/Volumes/Android/buildbot/src/googleplex-android/emu-36-3-release/hardware/google/gfxstream/host/gl/glestranslator/gles_v2/gles_v2_imp.cpp:glUniform4fv:4004 error 0x502
/Volumes/Android/buildbot/src/googleplex-android/emu-36-3-release/hardware/google/gfxstream/host/gl/glestranslator/gles_v2/gles_v2_imp.cpp:glUniformMatrix3fv:4036 error 0x502
/Volumes/Android/buildbot/src/googleplex-android/emu-36-3-release/hardware/google/gfxstream/host/gl/glestranslator/gles_v2/gles_v2_imp.cpp:glUniform4f:3997 error 0x502
/Volumes/Android/buildbot/src/googleplex-android/emu-36-3-release/hardware/google/gfxstream/host/gl/glestranslator/gles_v2/gles_v2_imp.cpp:glUniform2f:3941 error 0x502
/Volumes/Android/buildbot/src/googleplex-android/emu-36-3-release/hardware/google/gfxstream/host/gl/glestranslator/gles_v2/gles_v2_imp.cpp:glUniform2f:3941 error 0x502
/Volumes/Android/buildbot/src/googleplex-android/emu-36-3-release/hardware/google/gfxstream/host/gl/glestranslator/gles_v2/gles_v2_imp.cpp:glUniform4fv:4004 error 0x502
/Volumes/Android/buildbot/src/googleplex-android/emu-36-3-release/hardware/google/gfxstream/host/gl/glestranslator/gles_v2/gles_v2_imp.cpp:glUniform4fv:4004 error 0x502
/Volumes/Android/buildbot/src/googleplex-android/emu-36-3-release/hardware/google/gfxstream/host/gl/glestranslator/gles_v2/gles_v2_imp.cpp:glUniform4fv:4004 error 0x502
/Volumes/Android/buildbot/src/googleplex-android/emu-36-3-release/hardware/google/gfxstream/host/gl/glestranslator/gles_v2/gles_v2_imp.cpp:glUniformMatrix3fv:4036 error 0x502
/Volumes/Android/buildbot/src/googleplex-android/emu-36-3-release/hardware/google/gfxstream/host/gl/glestranslator/gles_v2/gles_v2_imp.cpp:glUniform4fv:4004 error 0x502
/Volumes/Android/buildbot/src/googleplex-android/emu-36-3-release/hardware/google/gfxstream/host/gl/glestranslator/gles_v2/gles_v2_imp.cpp:glUniform4fv:4004 error 0x502
/Volumes/Android/buildbot/src/googleplex-android/emu-36-3-release/hardware/google/gfxstream/host/gl/glestranslator/gles_v2/gles_v2_imp.cpp:glUniform4fv:4004 error 0x502
/Volumes/Android/buildbot/src/googleplex-android/emu-36-3-release/hardware/google/gfxstream/host/gl/glestranslator/gles_v2/gles_v2_imp.cpp:glUniformMatrix3fv:4036 error 0x502
/Volumes/Android/buildbot/src/googleplex-android/emu-36-3-release/hardware/google/gfxstream/host/gl/glestranslator/gles_v2/gles_v2_imp.cpp:glUniform4f:3997 error 0x502
/Volumes/Android/buildbot/src/googleplex-android/emu-36-3-release/hardware/google/gfxstream/host/gl/glestranslator/gles_v2/gles_v2_imp.cpp:glUniform2f:3941 error 0x502
/Volumes/Android/buildbot/src/googleplex-android/emu-36-3-release/hardware/google/gfxstream/host/gl/glestranslator/gles_v2/gles_v2_imp.cpp:glUniform2f:3941 error 0x502
/Volumes/Android/buildbot/src/googleplex-android/emu-36-3-release/hardware/google/gfxstream/host/gl/glestranslator/gles_v2/gles_v2_imp.cpp:glUniform4fv:4004 error 0x502
/Volumes/Android/buildbot/src/googleplex-android/emu-36-3-release/hardware/google/gfxstream/host/gl/glestranslator/gles_v2/gles_v2_imp.cpp:glUniform4fv:4004 error 0x502
/Volumes/Android/buildbot/src/googleplex-android/emu-36-3-release/hardware/google/gfxstream/host/gl/glestranslator/gles_v2/gles_v2_imp.cpp:glUniform4fv:4004 error 0x502
/Volumes/Android/buildbot/src/googleplex-android/emu-36-3-release/hardware/google/gfxstream/host/gl/glestranslator/gles_v2/gles_v2_imp.cpp:glUniformMatrix3fv:4036 error 0x502
/Volumes/Android/buildbot/src/googleplex-android/emu-36-3-release/hardware/google/gfxstream/host/gl/glestranslator/gles_v2/gles_v2_imp.cpp:glUniform4fv:4004 error 0x502
/Volumes/Android/buildbot/src/googleplex-android/emu-36-3-release/hardware/google/gfxstream/host/gl/glestranslator/gles_v2/gles_v2_imp.cpp:glUniform4fv:4004 error 0x502
/Volumes/Android/buildbot/src/googleplex-android/emu-36-3-release/hardware/google/gfxstream/host/gl/glestranslator/gles_v2/gles_v2_imp.cpp:glUniform4fv:4004 error 0x502
/Volumes/Android/buildbot/src/googleplex-android/emu-36-3-release/hardware/google/gfxstream/host/gl/glestranslator/gles_v2/gles_v2_imp.cpp:glUniformMatrix3fv:4036 error 0x502
/Volumes/Android/buildbot/src/googleplex-android/emu-36-3-release/hardware/google/gfxstream/host/gl/glestranslator/gles_v2/gles_v2_imp.cpp:glUniform4f:3997 error 0x502
/Volumes/Android/buildbot/src/googleplex-android/emu-36-3-release/hardware/google/gfxstream/host/gl/glestranslator/gles_v2/gles_v2_imp.cpp:glUniform2f:3941 error 0x502
/Volumes/Android/buildbot/src/googleplex-android/emu-36-3-release/hardware/google/gfxstream/host/gl/glestranslator/gles_v2/gles_v2_imp.cpp:glUniform2f:3941 error 0x502
/Volumes/Android/buildbot/src/googleplex-android/emu-36-3-release/hardware/google/gfxstream/host/gl/glestranslator/gles_v2/gles_v2_imp.cpp:glUniform4fv:4004 error 0x502
/Volumes/Android/buildbot/src/googleplex-android/emu-36-3-release/hardware/google/gfxstream/host/gl/glestranslator/gles_v2/gles_v2_imp.cpp:glUniform4fv:4004 error 0x502
/Volumes/Android/buildbot/src/googleplex-android/emu-36-3-release/hardware/google/gfxstream/host/gl/glestranslator/gles_v2/gles_v2_imp.cpp:glUniform4fv:4004 error 0x502
/Volumes/Android/buildbot/src/googleplex-android/emu-36-3-release/hardware/google/gfxstream/host/gl/glestranslator/gles_v2/gles_v2_imp.cpp:glUniformMatrix3fv:4036 error 0x502
/Volumes/Android/buildbot/src/googleplex-android/emu-36-3-release/hardware/google/gfxstream/host/gl/glestranslator/gles_v2/gles_v2_imp.cpp:glUniform4fv:4004 error 0x502
/Volumes/Android/buildbot/src/googleplex-android/emu-36-3-release/hardware/google/gfxstream/host/gl/glestranslator/gles_v2/gles_v2_imp.cpp:glUniform4fv:4004 error 0x502
/Volumes/Android/buildbot/src/googleplex-android/emu-36-3-release/hardware/google/gfxstream/host/gl/glestranslator/gles_v2/gles_v2_imp.cpp:glUniform4fv:4004 error 0x502
/Volumes/Android/buildbot/src/googleplex-android/emu-36-3-release/hardware/google/gfxstream/host/gl/glestranslator/gles_v2/gles_v2_imp.cpp:glUniformMatrix3fv:4036 error 0x502
/Volumes/Android/buildbot/src/googleplex-android/emu-36-3-release/hardware/google/gfxstream/host/gl/glestranslator/gles_v2/gles_v2_imp.cpp:glUniform4f:3997 error 0x502
/Volumes/Android/buildbot/src/googleplex-android/emu-36-3-release/hardware/google/gfxstream/host/gl/glestranslator/gles_v2/gles_v2_imp.cpp:glUniform2f:3941 error 0x502
/Volumes/Android/buildbot/src/googleplex-android/emu-36-3-release/hardware/google/gfxstream/host/gl/glestranslator/gles_v2/gles_v2_imp.cpp:glUniform2f:3941 error 0x502
/Volumes/Android/buildbot/src/googleplex-android/emu-36-3-release/hardware/google/gfxstream/host/gl/glestranslator/gles_v2/gles_v2_imp.cpp:glUniform4fv:4004 error 0x502
/Volumes/Android/buildbot/src/googleplex-android/emu-36-3-release/hardware/google/gfxstream/host/gl/glestranslator/gles_v2/gles_v2_imp.cpp:glUniform4fv:4004 error 0x502
/Volumes/Android/buildbot/src/googleplex-android/emu-36-3-release/hardware/google/gfxstream/host/gl/glestranslator/gles_v2/gles_v2_imp.cpp:glUniform4fv:4004 error 0x502
/Volumes/Android/buildbot/src/googleplex-android/emu-36-3-release/hardware/google/gfxstream/host/gl/glestranslator/gles_v2/gles_v2_imp.cpp:glUniformMatrix3fv:4036 error 0x502
/Volumes/Android/buildbot/src/googleplex-android/emu-36-3-release/hardware/google/gfxstream/host/gl/glestranslator/gles_v2/gles_v2_imp.cpp:glUniform4fv:4004 error 0x502
/Volumes/Android/buildbot/src/googleplex-android/emu-36-3-release/hardware/google/gfxstream/host/gl/glestranslator/gles_v2/gles_v2_imp.cpp:glUniform4fv:4004 error 0x502
/Volumes/Android/buildbot/src/googleplex-android/emu-36-3-release/hardware/google/gfxstream/host/gl/glestranslator/gles_v2/gles_v2_imp.cpp:glUniform4fv:4004 error 0x502
/Volumes/Android/buildbot/src/googleplex-android/emu-36-3-release/hardware/google/gfxstream/host/gl/glestranslator/gles_v2/gles_v2_imp.cpp:glUniformMatrix3fv:4036 error 0x502
/Volumes/Android/buildbot/src/googleplex-android/emu-36-3-release/hardware/google/gfxstream/host/gl/glestranslator/gles_v2/gles_v2_imp.cpp:glUniform4f:3997 error 0x502
/Volumes/Android/buildbot/src/googleplex-android/emu-36-3-release/hardware/google/gfxstream/host/gl/glestranslator/gles_v2/gles_v2_imp.cpp:glUniform2f:3941 error 0x502
/Volumes/Android/buildbot/src/googleplex-android/emu-36-3-release/hardware/google/gfxstream/host/gl/glestranslator/gles_v2/gles_v2_imp.cpp:glUniform2f:3941 error 0x502
/Volumes/Android/buildbot/src/googleplex-android/emu-36-3-release/hardware/google/gfxstream/host/gl/glestranslator/gles_v2/gles_v2_imp.cpp:glUniform4fv:4004 error 0x502
/Volumes/Android/buildbot/src/googleplex-android/emu-36-3-release/hardware/google/gfxstream/host/gl/glestranslator/gles_v2/gles_v2_imp.cpp:glUniform4fv:4004 error 0x502
/Volumes/Android/buildbot/src/googleplex-android/emu-36-3-release/hardware/google/gfxstream/host/gl/glestranslator/gles_v2/gles_v2_imp.cpp:glUniform4fv:4004 error 0x502
/Volumes/Android/buildbot/src/googleplex-android/emu-36-3-release/hardware/google/gfxstream/host/gl/glestranslator/gles_v2/gles_v2_imp.cpp:glUniformMatrix3fv:4036 error 0x502
/Volumes/Android/buildbot/src/googleplex-android/emu-36-3-release/hardware/google/gfxstream/host/gl/glestranslator/gles_v2/gles_v2_imp.cpp:glUniform4fv:4004 error 0x502
/Volumes/Android/buildbot/src/googleplex-android/emu-36-3-release/hardware/google/gfxstream/host/gl/glestranslator/gles_v2/gles_v2_imp.cpp:glUniform4fv:4004 error 0x502
/Volumes/Android/buildbot/src/googleplex-android/emu-36-3-release/hardware/google/gfxstream/host/gl/glestranslator/gles_v2/gles_v2_imp.cpp:glUniform4fv:4004 error 0x502
/Volumes/Android/buildbot/src/googleplex-android/emu-36-3-release/hardware/google/gfxstream/host/gl/glestranslator/gles_v2/gles_v2_imp.cpp:glUniformMatrix3fv:4036 error 0x502
/Volumes/Android/buildbot/src/googleplex-android/emu-36-3-release/hardware/google/gfxstream/host/gl/glestranslator/gles_v2/gles_v2_imp.cpp:glUniform4f:3997 error 0x502
/Volumes/Android/buildbot/src/googleplex-android/emu-36-3-release/hardware/google/gfxstream/host/gl/glestranslator/gles_v2/gles_v2_imp.cpp:glUniform2f:3941 error 0x502
/Volumes/Android/buildbot/src/googleplex-android/emu-36-3-release/hardware/google/gfxstream/host/gl/glestranslator/gles_v2/gles_v2_imp.cpp:glUniform2f:3941 error 0x502
/Volumes/Android/buildbot/src/googleplex-android/emu-36-3-release/hardware/google/gfxstream/host/gl/glestranslator/gles_v2/gles_v2_imp.cpp:glUniform4fv:4004 error 0x502
/Volumes/Android/buildbot/src/googleplex-android/emu-36-3-release/hardware/google/gfxstream/host/gl/glestranslator/gles_v2/gles_v2_imp.cpp:glUniform4fv:4004 error 0x502
/Volumes/Android/buildbot/src/googleplex-android/emu-36-3-release/hardware/google/gfxstream/host/gl/glestranslator/gles_v2/gles_v2_imp.cpp:glUniform4fv:4004 error 0x502
/Volumes/Android/buildbot/src/googleplex-android/emu-36-3-release/hardware/google/gfxstream/host/gl/glestranslator/gles_v2/gles_v2_imp.cpp:glUniformMatrix3fv:4036 error 0x502
/Volumes/Android/buildbot/src/googleplex-android/emu-36-3-release/hardware/google/gfxstream/host/gl/glestranslator/gles_v2/gles_v2_imp.cpp:glUniform4fv:4004 error 0x502
/Volumes/Android/buildbot/src/googleplex-android/emu-36-3-release/hardware/google/gfxstream/host/gl/glestranslator/gles_v2/gles_v2_imp.cpp:glUniform4fv:4004 error 0x502
/Volumes/Android/buildbot/src/googleplex-android/emu-36-3-release/hardware/google/gfxstream/host/gl/glestranslator/gles_v2/gles_v2_imp.cpp:glUniform4fv:4004 error 0x502
/Volumes/Android/buildbot/src/googleplex-android/emu-36-3-release/hardware/google/gfxstream/host/gl/glestranslator/gles_v2/gles_v2_imp.cpp:glUniformMatrix3fv:4036 error 0x502
/Volumes/Android/buildbot/src/googleplex-android/emu-36-3-release/hardware/google/gfxstream/host/gl/glestranslator/gles_v2/gles_v2_imp.cpp:glUniform4f:3997 error 0x502
/Volumes/Android/buildbot/src/googleplex-android/emu-36-3-release/hardware/google/gfxstream/host/gl/glestranslator/gles_v2/gles_v2_imp.cpp:glUniform2f:3941 error 0x502
/Volumes/Android/buildbot/src/googleplex-android/emu-36-3-release/hardware/google/gfxstream/host/gl/glestranslator/gles_v2/gles_v2_imp.cpp:glUniform2f:3941 error 0x502
/Volumes/Android/buildbot/src/googleplex-android/emu-36-3-release/hardware/google/gfxstream/host/gl/glestranslator/gles_v2/gles_v2_imp.cpp:glUniform4fv:4004 error 0x502
/Volumes/Android/buildbot/src/googleplex-android/emu-36-3-release/hardware/google/gfxstream/host/gl/glestranslator/gles_v2/gles_v2_imp.cpp:glUniform4fv:4004 error 0x502
/Volumes/Android/buildbot/src/googleplex-android/emu-36-3-release/hardware/google/gfxstream/host/gl/glestranslator/gles_v2/gles_v2_imp.cpp:glUniform4fv:4004 error 0x502
/Volumes/Android/buildbot/src/googleplex-android/emu-36-3-release/hardware/google/gfxstream/host/gl/glestranslator/gles_v2/gles_v2_imp.cpp:glUniformMatrix3fv:4036 error 0x502
/Volumes/Android/buildbot/src/googleplex-android/emu-36-3-release/hardware/google/gfxstream/host/gl/glestranslator/gles_v2/gles_v2_imp.cpp:glUniform4fv:4004 error 0x502
/Volumes/Android/buildbot/src/googleplex-android/emu-36-3-release/hardware/google/gfxstream/host/gl/glestranslator/gles_v2/gles_v2_imp.cpp:glUniformMatrix3fv:4036 error 0x502
/Volumes/Android/buildbot/src/googleplex-android/emu-36-3-release/hardware/google/gfxstream/host/gl/glestranslator/gles_v2/gles_v2_imp.cpp:glUniform4fv:4004 error 0x502
/Volumes/Android/buildbot/src/googleplex-android/emu-36-3-release/hardware/google/gfxstream/host/gl/glestranslator/gles_v2/gles_v2_imp.cpp:glUniform4fv:4004 error 0x502
/Volumes/Android/buildbot/src/googleplex-android/emu-36-3-release/hardware/google/gfxstream/host/gl/glestranslator/gles_v2/gles_v2_imp.cpp:glUniformMatrix3fv:4036 error 0x502
/Volumes/Android/buildbot/src/googleplex-android/emu-36-3-release/hardware/google/gfxstream/host/gl/glestranslator/gles_v2/gles_v2_imp.cpp:glUniform4f:3997 error 0x502
/Volumes/Android/buildbot/src/googleplex-android/emu-36-3-release/hardware/google/gfxstream/host/gl/glestranslator/gles_v2/gles_v2_imp.cpp:glUniform2f:3941 error 0x502
/Volumes/Android/buildbot/src/googleplex-android/emu-36-3-release/hardware/google/gfxstream/host/gl/glestranslator/gles_v2/gles_v2_imp.cpp:glUniform2f:3941 error 0x502
/Volumes/Android/buildbot/src/googleplex-android/emu-36-3-release/hardware/google/gfxstream/host/gl/glestranslator/gles_v2/gles_v2_imp.cpp:glUniform4fv:4004 error 0x502
/Volumes/Android/buildbot/src/googleplex-android/emu-36-3-release/hardware/google/gfxstream/host/gl/glestranslator/gles_v2/gles_v2_imp.cpp:glUniform4fv:4004 error 0x502
/Volumes/Android/buildbot/src/googleplex-android/emu-36-3-release/hardware/google/gfxstream/host/gl/glestranslator/gles_v2/gles_v2_imp.cpp:glUniform4fv:4004 error 0x502
/Volumes/Android/buildbot/src/googleplex-android/emu-36-3-release/hardware/google/gfxstream/host/gl/glestranslator/gles_v2/gles_v2_imp.cpp:glUniformMatrix3fv:4036 error 0x502
/Volumes/Android/buildbot/src/googleplex-android/emu-36-3-release/hardware/google/gfxstream/host/gl/glestranslator/gles_v2/gles_v2_imp.cpp:glUniform4fv:4004 error 0x502
/Volumes/Android/buildbot/src/googleplex-android/emu-36-3-release/hardware/google/gfxstream/host/gl/glestranslator/gles_v2/gles_v2_imp.cpp:glUniform4fv:4004 error 0x502
/Volumes/Android/buildbot/src/googleplex-android/emu-36-3-release/hardware/google/gfxstream/host/gl/glestranslator/gles_v2/gles_v2_imp.cpp:glUniform4fv:4004 error 0x502
/Volumes/Android/buildbot/src/googleplex-android/emu-36-3-release/hardware/google/gfxstream/host/gl/glestranslator/gles_v2/gles_v2_imp.cpp:glUniformMatrix3fv:4036 error 0x502
/Volumes/Android/buildbot/src/googleplex-android/emu-36-3-release/hardware/google/gfxstream/host/gl/glestranslator/gles_v2/gles_v2_imp.cpp:glUniform4f:3997 error 0x502
/Volumes/Android/buildbot/src/googleplex-android/emu-36-3-release/hardware/google/gfxstream/host/gl/glestranslator/gles_v2/gles_v2_imp.cpp:glUniform2f:3941 error 0x502
/Volumes/Android/buildbot/src/googleplex-android/emu-36-3-release/hardware/google/gfxstream/host/gl/glestranslator/gles_v2/gles_v2_imp.cpp:glUniform2f:3941 error 0x502
/Volumes/Android/buildbot/src/googleplex-android/emu-36-3-release/hardware/google/gfxstream/host/gl/glestranslator/gles_v2/gles_v2_imp.cpp:glUniform4fv:4004 error 0x502
/Volumes/Android/buildbot/src/googleplex-android/emu-36-3-release/hardware/google/gfxstream/host/gl/glestranslator/gles_v2/gles_v2_imp.cpp:glUniform4fv:4004 error 0x502
/Volumes/Android/buildbot/src/googleplex-android/emu-36-3-release/hardware/google/gfxstream/host/gl/glestranslator/gles_v2/gles_v2_imp.cpp:glUniform4fv:4004 error 0x502
/Volumes/Android/buildbot/src/googleplex-android/emu-36-3-release/hardware/google/gfxstream/host/gl/glestranslator/gles_v2/gles_v2_imp.cpp:glUniformMatrix3fv:4036 error 0x502
/Volumes/Android/buildbot/src/googleplex-android/emu-36-3-release/hardware/google/gfxstream/host/gl/glestranslator/gles_v2/gles_v2_imp.cpp:glUniform4fv:4004 error 0x502
/Volumes/Android/buildbot/src/googleplex-android/emu-36-3-release/hardware/google/gfxstream/host/gl/glestranslator/gles_v2/gles_v2_imp.cpp:glUniform4fv:4004 error 0x502
/Volumes/Android/buildbot/src/googleplex-android/emu-36-3-release/hardware/google/gfxstream/host/gl/glestranslator/gles_v2/gles_v2_imp.cpp:glUniform4fv:4004 error 0x502
/Volumes/Android/buildbot/src/googleplex-android/emu-36-3-release/hardware/google/gfxstream/host/gl/glestranslator/gles_v2/gles_v2_imp.cpp:glUniformMatrix3fv:4036 error 0x502
/Volumes/Android/buildbot/src/googleplex-android/emu-36-3-release/hardware/google/gfxstream/host/gl/glestranslator/gles_v2/gles_v2_imp.cpp:glUniform4f:3997 error 0x502
/Volumes/Android/buildbot/src/googleplex-android/emu-36-3-release/hardware/google/gfxstream/host/gl/glestranslator/gles_v2/gles_v2_imp.cpp:glUniform2f:3941 error 0x502
/Volumes/Android/buildbot/src/googleplex-android/emu-36-3-release/hardware/google/gfxstream/host/gl/glestranslator/gles_v2/gles_v2_imp.cpp:glUniform2f:3941 error 0x502
/Volumes/Android/buildbot/src/googleplex-android/emu-36-3-release/hardware/google/gfxstream/host/gl/glestranslator/gles_v2/gles_v2_imp.cpp:glUniform4fv:4004 error 0x502
/Volumes/Android/buildbot/src/googleplex-android/emu-36-3-release/hardware/google/gfxstream/host/gl/glestranslator/gles_v2/gles_v2_imp.cpp:glUniform4fv:4004 error 0x502
/Volumes/Android/buildbot/src/googleplex-android/emu-36-3-release/hardware/google/gfxstream/host/gl/glestranslator/gles_v2/gles_v2_imp.cpp:glUniform4fv:4004 error 0x502
/Volumes/Android/buildbot/src/googleplex-android/emu-36-3-release/hardware/google/gfxstream/host/gl/glestranslator/gles_v2/gles_v2_imp.cpp:glUniformMatrix3fv:4036 error 0x502
/Volumes/Android/buildbot/src/googleplex-android/emu-36-3-release/hardware/google/gfxstream/host/gl/glestranslator/gles_v2/gles_v2_imp.cpp:glUniform4fv:4004 error 0x502
/Volumes/Android/buildbot/src/googleplex-android/emu-36-3-release/hardware/google/gfxstream/host/gl/glestranslator/gles_v2/gles_v2_imp.cpp:glUniform4fv:4004 error 0x502
/Volumes/Android/buildbot/src/googleplex-android/emu-36-3-release/hardware/google/gfxstream/host/gl/glestranslator/gles_v2/gles_v2_imp.cpp:glUniform4fv:4004 error 0x502
/Volumes/Android/buildbot/src/googleplex-android/emu-36-3-release/hardware/google/gfxstream/host/gl/glestranslator/gles_v2/gles_v2_imp.cpp:glUniformMatrix3fv:4036 error 0x502
/Volumes/Android/buildbot/src/googleplex-android/emu-36-3-release/hardware/google/gfxstream/host/gl/glestranslator/gles_v2/gles_v2_imp.cpp:glUniform4f:3997 error 0x502
/Volumes/Android/buildbot/src/googleplex-android/emu-36-3-release/hardware/google/gfxstream/host/gl/glestranslator/gles_v2/gles_v2_imp.cpp:glUniform2f:3941 error 0x502
/Volumes/Android/buildbot/src/googleplex-android/emu-36-3-release/hardware/google/gfxstream/host/gl/glestranslator/gles_v2/gles_v2_imp.cpp:glUniform2f:3941 error 0x502
/Volumes/Android/buildbot/src/googleplex-android/emu-36-3-release/hardware/google/gfxstream/host/gl/glestranslator/gles_v2/gles_v2_imp.cpp:glUniform4fv:4004 error 0x502
/Volumes/Android/buildbot/src/googleplex-android/emu-36-3-release/hardware/google/gfxstream/host/gl/glestranslator/gles_v2/gles_v2_imp.cpp:glUniform4fv:4004 error 0x502
/Volumes/Android/buildbot/src/googleplex-android/emu-36-3-release/hardware/google/gfxstream/host/gl/glestranslator/gles_v2/gles_v2_imp.cpp:glUniform4fv:4004 error 0x502
/Volumes/Android/buildbot/src/googleplex-android/emu-36-3-release/hardware/google/gfxstream/host/gl/glestranslator/gles_v2/gles_v2_imp.cpp:glUniformMatrix3fv:4036 error 0x502
/Volumes/Android/buildbot/src/googleplex-android/emu-36-3-release/hardware/google/gfxstream/host/gl/glestranslator/gles_v2/gles_v2_imp.cpp:glUniform4fv:4004 error 0x502
/Volumes/Android/buildbot/src/googleplex-android/emu-36-3-release/hardware/google/gfxstream/host/gl/glestranslator/gles_v2/gles_v2_imp.cpp:glUniform4fv:4004 error 0x502
/Volumes/Android/buildbot/src/googleplex-android/emu-36-3-release/hardware/google/gfxstream/host/gl/glestranslator/gles_v2/gles_v2_imp.cpp:glUniform4fv:4004 error 0x502
/Volumes/Android/buildbot/src/googleplex-android/emu-36-3-release/hardware/google/gfxstream/host/gl/glestranslator/gles_v2/gles_v2_imp.cpp:glUniformMatrix3fv:4036 error 0x502
/Volumes/Android/buildbot/src/googleplex-android/emu-36-3-release/hardware/google/gfxstream/host/gl/glestranslator/gles_v2/gles_v2_imp.cpp:glUniform4f:3997 error 0x502
/Volumes/Android/buildbot/src/googleplex-android/emu-36-3-release/hardware/google/gfxstream/host/gl/glestranslator/gles_v2/gles_v2_imp.cpp:glUniform2f:3941 error 0x502
/Volumes/Android/buildbot/src/googleplex-android/emu-36-3-release/hardware/google/gfxstream/host/gl/glestranslator/gles_v2/gles_v2_imp.cpp:glUniform2f:3941 error 0x502
/Volumes/Android/buildbot/src/googleplex-android/emu-36-3-release/hardware/google/gfxstream/host/gl/glestranslator/gles_v2/gles_v2_imp.cpp:glUniform4fv:4004 error 0x502
/Volumes/Android/buildbot/src/googleplex-android/emu-36-3-release/hardware/google/gfxstream/host/gl/glestranslator/gles_v2/gles_v2_imp.cpp:glUniform4fv:4004 error 0x502
/Volumes/Android/buildbot/src/googleplex-android/emu-36-3-release/hardware/google/gfxstream/host/gl/glestranslator/gles_v2/gles_v2_imp.cpp:glUniform4fv:4004 error 0x502
/Volumes/Android/buildbot/src/googleplex-android/emu-36-3-release/hardware/google/gfxstream/host/gl/glestranslator/gles_v2/gles_v2_imp.cpp:glUniformMatrix3fv:4036 error 0x502
/Volumes/Android/buildbot/src/googleplex-android/emu-36-3-release/hardware/google/gfxstream/host/gl/glestranslator/gles_v2/gles_v2_imp.cpp:glUniform4fv:4004 error 0x502
/Volumes/Android/buildbot/src/googleplex-android/emu-36-3-release/hardware/google/gfxstream/host/gl/glestranslator/gles_v2/gles_v2_imp.cpp:glUniform4fv:4004 error 0x502
/Volumes/Android/buildbot/src/googleplex-android/emu-36-3-release/hardware/google/gfxstream/host/gl/glestranslator/gles_v2/gles_v2_imp.cpp:glUniform4fv:4004 error 0x502
/Volumes/Android/buildbot/src/googleplex-android/emu-36-3-release/hardware/google/gfxstream/host/gl/glestranslator/gles_v2/gles_v2_imp.cpp:glUniformMatrix3fv:4036 error 0x502
/Volumes/Android/buildbot/src/googleplex-android/emu-36-3-release/hardware/google/gfxstream/host/gl/glestranslator/gles_v2/gles_v2_imp.cpp:glUniform4f:3997 error 0x502
/Volumes/Android/buildbot/src/googleplex-android/emu-36-3-release/hardware/google/gfxstream/host/gl/glestranslator/gles_v2/gles_v2_imp.cpp:glUniform2f:3941 error 0x502
/Volumes/Android/buildbot/src/googleplex-android/emu-36-3-release/hardware/google/gfxstream/host/gl/glestranslator/gles_v2/gles_v2_imp.cpp:glUniform2f:3941 error 0x502
/Volumes/Android/buildbot/src/googleplex-android/emu-36-3-release/hardware/google/gfxstream/host/gl/glestranslator/gles_v2/gles_v2_imp.cpp:glUniform4fv:4004 error 0x502
/Volumes/Android/buildbot/src/googleplex-android/emu-36-3-release/hardware/google/gfxstream/host/gl/glestranslator/gles_v2/gles_v2_imp.cpp:glUniform4fv:4004 error 0x502
/Volumes/Android/buildbot/src/googleplex-android/emu-36-3-release/hardware/google/gfxstream/host/gl/glestranslator/gles_v2/gles_v2_imp.cpp:glUniform4fv:4004 error 0x502
/Volumes/Android/buildbot/src/googleplex-android/emu-36-3-release/hardware/google/gfxstream/host/gl/glestranslator/gles_v2/gles_v2_imp.cpp:glUniformMatrix3fv:4036 error 0x502
/Volumes/Android/buildbot/src/googleplex-android/emu-36-3-release/hardware/google/gfxstream/host/gl/glestranslator/gles_v2/gles_v2_imp.cpp:glUniform4fv:4004 error 0x502
/Volumes/Android/buildbot/src/googleplex-android/emu-36-3-release/hardware/google/gfxstream/host/gl/glestranslator/gles_v2/gles_v2_imp.cpp:glUniform4fv:4004 error 0x502
/Volumes/Android/buildbot/src/googleplex-android/emu-36-3-release/hardware/google/gfxstream/host/gl/glestranslator/gles_v2/gles_v2_imp.cpp:glUniform4fv:4004 error 0x502
/Volumes/Android/buildbot/src/googleplex-android/emu-36-3-release/hardware/google/gfxstream/host/gl/glestranslator/gles_v2/gles_v2_imp.cpp:glUniformMatrix3fv:4036 error 0x502
/Volumes/Android/buildbot/src/googleplex-android/emu-36-3-release/hardware/google/gfxstream/host/gl/glestranslator/gles_v2/gles_v2_imp.cpp:glUniform4f:3997 error 0x502
/Volumes/Android/buildbot/src/googleplex-android/emu-36-3-release/hardware/google/gfxstream/host/gl/glestranslator/gles_v2/gles_v2_imp.cpp:glUniform2f:3941 error 0x502
/Volumes/Android/buildbot/src/googleplex-android/emu-36-3-release/hardware/google/gfxstream/host/gl/glestranslator/gles_v2/gles_v2_imp.cpp:glUniform2f:3941 error 0x502
/Volumes/Android/buildbot/src/googleplex-android/emu-36-3-release/hardware/google/gfxstream/host/gl/glestranslator/gles_v2/gles_v2_imp.cpp:glUniform4fv:4004 error 0x502
/Volumes/Android/buildbot/src/googleplex-android/emu-36-3-release/hardware/google/gfxstream/host/gl/glestranslator/gles_v2/gles_v2_imp.cpp:glUniform4fv:4004 error 0x502
/Volumes/Android/buildbot/src/googleplex-android/emu-36-3-release/hardware/google/gfxstream/host/gl/glestranslator/gles_v2/gles_v2_imp.cpp:glUniform4fv:4004 error 0x502
/Volumes/Android/buildbot/src/googleplex-android/emu-36-3-release/hardware/google/gfxstream/host/gl/glestranslator/gles_v2/gles_v2_imp.cpp:glUniformMatrix3fv:4036 error 0x502
/Volumes/Android/buildbot/src/googleplex-android/emu-36-3-release/hardware/google/gfxstream/host/gl/glestranslator/gles_v2/gles_v2_imp.cpp:glUniform4fv:4004 error 0x502
/Volumes/Android/buildbot/src/googleplex-android/emu-36-3-release/hardware/google/gfxstream/host/gl/glestranslator/gles_v2/gles_v2_imp.cpp:glUniform4fv:4004 error 0x502
/Volumes/Android/buildbot/src/googleplex-android/emu-36-3-release/hardware/google/gfxstream/host/gl/glestranslator/gles_v2/gles_v2_imp.cpp:glUniform4fv:4004 error 0x502
/Volumes/Android/buildbot/src/googleplex-android/emu-36-3-release/hardware/google/gfxstream/host/gl/glestranslator/gles_v2/gles_v2_imp.cpp:glUniformMatrix3fv:4036 error 0x502
/Volumes/Android/buildbot/src/googleplex-android/emu-36-3-release/hardware/google/gfxstream/host/gl/glestranslator/gles_v2/gles_v2_imp.cpp:glUniform4f:3997 error 0x502
/Volumes/Android/buildbot/src/googleplex-android/emu-36-3-release/hardware/google/gfxstream/host/gl/glestranslator/gles_v2/gles_v2_imp.cpp:glUniform2f:3941 error 0x502
/Volumes/Android/buildbot/src/googleplex-android/emu-36-3-release/hardware/google/gfxstream/host/gl/glestranslator/gles_v2/gles_v2_imp.cpp:glUniform2f:3941 error 0x502
/Volumes/Android/buildbot/src/googleplex-android/emu-36-3-release/hardware/google/gfxstream/host/gl/glestranslator/gles_v2/gles_v2_imp.cpp:glUniform4fv:4004 error 0x502
/Volumes/Android/buildbot/src/googleplex-android/emu-36-3-release/hardware/google/gfxstream/host/gl/glestranslator/gles_v2/gles_v2_imp.cpp:glUniform4fv:4004 error 0x502
/Volumes/Android/buildbot/src/googleplex-android/emu-36-3-release/hardware/google/gfxstream/host/gl/glestranslator/gles_v2/gles_v2_imp.cpp:glUniform4fv:4004 error 0x502
/Volumes/Android/buildbot/src/googleplex-android/emu-36-3-release/hardware/google/gfxstream/host/gl/glestranslator/gles_v2/gles_v2_imp.cpp:glUniformMatrix3fv:4036 error 0x502
/Volumes/Android/buildbot/src/googleplex-android/emu-36-3-release/hardware/google/gfxstream/host/gl/glestranslator/gles_v2/gles_v2_imp.cpp:glUniform4fv:4004 error 0x502
/Volumes/Android/buildbot/src/googleplex-android/emu-36-3-release/hardware/google/gfxstream/host/gl/glestranslator/gles_v2/gles_v2_imp.cpp:glUniform4fv:4004 error 0x502
/Volumes/Android/buildbot/src/googleplex-android/emu-36-3-release/hardware/google/gfxstream/host/gl/glestranslator/gles_v2/gles_v2_imp.cpp:glUniform4fv:4004 error 0x502
/Volumes/Android/buildbot/src/googleplex-android/emu-36-3-release/hardware/google/gfxstream/host/gl/glestranslator/gles_v2/gles_v2_imp.cpp:glUniformMatrix3fv:4036 error 0x502
/Volumes/Android/buildbot/src/googleplex-android/emu-36-3-release/hardware/google/gfxstream/host/gl/glestranslator/gles_v2/gles_v2_imp.cpp:glUniform4f:3997 error 0x502
/Volumes/Android/buildbot/src/googleplex-android/emu-36-3-release/hardware/google/gfxstream/host/gl/glestranslator/gles_v2/gles_v2_imp.cpp:glUniform2f:3941 error 0x502
/Volumes/Android/buildbot/src/googleplex-android/emu-36-3-release/hardware/google/gfxstream/host/gl/glestranslator/gles_v2/gles_v2_imp.cpp:glUniform2f:3941 error 0x502
/Volumes/Android/buildbot/src/googleplex-android/emu-36-3-release/hardware/google/gfxstream/host/gl/glestranslator/gles_v2/gles_v2_imp.cpp:glUniform4fv:4004 error 0x502
/Volumes/Android/buildbot/src/googleplex-android/emu-36-3-release/hardware/google/gfxstream/host/gl/glestranslator/gles_v2/gles_v2_imp.cpp:glUniform4fv:4004 error 0x502
/Volumes/Android/buildbot/src/googleplex-android/emu-36-3-release/hardware/google/gfxstream/host/gl/glestranslator/gles_v2/gles_v2_imp.cpp:glUniform4fv:4004 error 0x502
/Volumes/Android/buildbot/src/googleplex-android/emu-36-3-release/hardware/google/gfxstream/host/gl/glestranslator/gles_v2/gles_v2_imp.cpp:glUniformMatrix3fv:4036 error 0x502
/Volumes/Android/buildbot/src/googleplex-android/emu-36-3-release/hardware/google/gfxstream/host/gl/glestranslator/gles_v2/gles_v2_imp.cpp:glUniform4fv:4004 error 0x502
/Volumes/Android/buildbot/src/googleplex-android/emu-36-3-release/hardware/google/gfxstream/host/gl/glestranslator/gles_v2/gles_v2_imp.cpp:glUniform4fv:4004 error 0x502
/Volumes/Android/buildbot/src/googleplex-android/emu-36-3-release/hardware/google/gfxstream/host/gl/glestranslator/gles_v2/gles_v2_imp.cpp:glUniform4fv:4004 error 0x502
/Volumes/Android/buildbot/src/googleplex-android/emu-36-3-release/hardware/google/gfxstream/host/gl/glestranslator/gles_v2/gles_v2_imp.cpp:glUniformMatrix3fv:4036 error 0x502
/Volumes/Android/buildbot/src/googleplex-android/emu-36-3-release/hardware/google/gfxstream/host/gl/glestranslator/gles_v2/gles_v2_imp.cpp:glUniform4f:3997 error 0x502
/Volumes/Android/buildbot/src/googleplex-android/emu-36-3-release/hardware/google/gfxstream/host/gl/glestranslator/gles_v2/gles_v2_imp.cpp:glUniform2f:3941 error 0x502
/Volumes/Android/buildbot/src/googleplex-android/emu-36-3-release/hardware/google/gfxstream/host/gl/glestranslator/gles_v2/gles_v2_imp.cpp:glUniform2f:3941 error 0x502
/Volumes/Android/buildbot/src/googleplex-android/emu-36-3-release/hardware/google/gfxstream/host/gl/glestranslator/gles_v2/gles_v2_imp.cpp:glUniform4fv:4004 error 0x502
/Volumes/Android/buildbot/src/googleplex-android/emu-36-3-release/hardware/google/gfxstream/host/gl/glestranslator/gles_v2/gles_v2_imp.cpp:glUniform4fv:4004 error 0x502
/Volumes/Android/buildbot/src/googleplex-android/emu-36-3-release/hardware/google/gfxstream/host/gl/glestranslator/gles_v2/gles_v2_imp.cpp:glUniform4fv:4004 error 0x502
/Volumes/Android/buildbot/src/googleplex-android/emu-36-3-release/hardware/google/gfxstream/host/gl/glestranslator/gles_v2/gles_v2_imp.cpp:glUniformMatrix3fv:4036 error 0x502
/Volumes/Android/buildbot/src/googleplex-android/emu-36-3-release/hardware/google/gfxstream/host/gl/glestranslator/gles_v2/gles_v2_imp.cpp:glUniform4fv:4004 error 0x502
/Volumes/Android/buildbot/src/googleplex-android/emu-36-3-release/hardware/google/gfxstream/host/gl/glestranslator/gles_v2/gles_v2_imp.cpp:glUniform4fv:4004 error 0x502
/Volumes/Android/buildbot/src/googleplex-android/emu-36-3-release/hardware/google/gfxstream/host/gl/glestranslator/gles_v2/gles_v2_imp.cpp:glUniform4fv:4004 error 0x502
/Volumes/Android/buildbot/src/googleplex-android/emu-36-3-release/hardware/google/gfxstream/host/gl/glestranslator/gles_v2/gles_v2_imp.cpp:glUniformMatrix3fv:4036 error 0x502
/Volumes/Android/buildbot/src/googleplex-android/emu-36-3-release/hardware/google/gfxstream/host/gl/glestranslator/gles_v2/gles_v2_imp.cpp:glUniform4f:3997 error 0x502
/Volumes/Android/buildbot/src/googleplex-android/emu-36-3-release/hardware/google/gfxstream/host/gl/glestranslator/gles_v2/gles_v2_imp.cpp:glUniform2f:3941 error 0x502
/Volumes/Android/buildbot/src/googleplex-android/emu-36-3-release/hardware/google/gfxstream/host/gl/glestranslator/gles_v2/gles_v2_imp.cpp:glUniform2f:3941 error 0x502
/Volumes/Android/buildbot/src/googleplex-android/emu-36-3-release/hardware/google/gfxstream/host/gl/glestranslator/gles_v2/gles_v2_imp.cpp:glUniform4fv:4004 error 0x502
/Volumes/Android/buildbot/src/googleplex-android/emu-36-3-release/hardware/google/gfxstream/host/gl/glestranslator/gles_v2/gles_v2_imp.cpp:glUniform4fv:4004 error 0x502
/Volumes/Android/buildbot/src/googleplex-android/emu-36-3-release/hardware/google/gfxstream/host/gl/glestranslator/gles_v2/gles_v2_imp.cpp:glUniform4fv:4004 error 0x502
/Volumes/Android/buildbot/src/googleplex-android/emu-36-3-release/hardware/google/gfxstream/host/gl/glestranslator/gles_v2/gles_v2_imp.cpp:glUniformMatrix3fv:4036 error 0x502
/Volumes/Android/buildbot/src/googleplex-android/emu-36-3-release/hardware/google/gfxstream/host/gl/glestranslator/gles_v2/gles_v2_imp.cpp:glUniform4fv:4004 error 0x502
/Volumes/Android/buildbot/src/googleplex-android/emu-36-3-release/hardware/google/gfxstream/host/gl/glestranslator/gles_v2/gles_v2_imp.cpp:glUniform4fv:4004 error 0x502
/Volumes/Android/buildbot/src/googleplex-android/emu-36-3-release/hardware/google/gfxstream/host/gl/glestranslator/gles_v2/gles_v2_imp.cpp:glUniform4fv:4004 error 0x502
/Volumes/Android/buildbot/src/googleplex-android/emu-36-3-release/hardware/google/gfxstream/host/gl/glestranslator/gles_v2/gles_v2_imp.cpp:glUniformMatrix3fv:4036 error 0x502
/Volumes/Android/buildbot/src/googleplex-android/emu-36-3-release/hardware/google/gfxstream/host/gl/glestranslator/gles_v2/gles_v2_imp.cpp:glUniform4f:3997 error 0x502
/Volumes/Android/buildbot/src/googleplex-android/emu-36-3-release/hardware/google/gfxstream/host/gl/glestranslator/gles_v2/gles_v2_imp.cpp:glUniform2f:3941 error 0x502
/Volumes/Android/buildbot/src/googleplex-android/emu-36-3-release/hardware/google/gfxstream/host/gl/glestranslator/gles_v2/gles_v2_imp.cpp:glUniform2f:3941 error 0x502
/Volumes/Android/buildbot/src/googleplex-android/emu-36-3-release/hardware/google/gfxstream/host/gl/glestranslator/gles_v2/gles_v2_imp.cpp:glUniform4fv:4004 error 0x502
/Volumes/Android/buildbot/src/googleplex-android/emu-36-3-release/hardware/google/gfxstream/host/gl/glestranslator/gles_v2/gles_v2_imp.cpp:glUniform4fv:4004 error 0x502
/Volumes/Android/buildbot/src/googleplex-android/emu-36-3-release/hardware/google/gfxstream/host/gl/glestranslator/gles_v2/gles_v2_imp.cpp:glUniform4fv:4004 error 0x502
/Volumes/Android/buildbot/src/googleplex-android/emu-36-3-release/hardware/google/gfxstream/host/gl/glestranslator/gles_v2/gles_v2_imp.cpp:glUniformMatrix3fv:4036 error 0x502
/Volumes/Android/buildbot/src/googleplex-android/emu-36-3-release/hardware/google/gfxstream/host/gl/glestranslator/gles_v2/gles_v2_imp.cpp:glUniform4fv:4004 error 0x502
/Volumes/Android/buildbot/src/googleplex-android/emu-36-3-release/hardware/google/gfxstream/host/gl/glestranslator/gles_v2/gles_v2_imp.cpp:glUniform4fv:4004 error 0x502
/Volumes/Android/buildbot/src/googleplex-android/emu-36-3-release/hardware/google/gfxstream/host/gl/glestranslator/gles_v2/gles_v2_imp.cpp:glUniform4fv:4004 error 0x502
/Volumes/Android/buildbot/src/googleplex-android/emu-36-3-release/hardware/google/gfxstream/host/gl/glestranslator/gles_v2/gles_v2_imp.cpp:glUniformMatrix3fv:4036 error 0x502
/Volumes/Android/buildbot/src/googleplex-android/emu-36-3-release/hardware/google/gfxstream/host/gl/glestranslator/gles_v2/gles_v2_imp.cpp:glUniform4f:3997 error 0x502
/Volumes/Android/buildbot/src/googleplex-android/emu-36-3-release/hardware/google/gfxstream/host/gl/glestranslator/gles_v2/gles_v2_imp.cpp:glUniform2f:3941 error 0x502
/Volumes/Android/buildbot/src/googleplex-android/emu-36-3-release/hardware/google/gfxstream/host/gl/glestranslator/gles_v2/gles_v2_imp.cpp:glUniform2f:3941 error 0x502
/Volumes/Android/buildbot/src/googleplex-android/emu-36-3-release/hardware/google/gfxstream/host/gl/glestranslator/gles_v2/gles_v2_imp.cpp:glUniform4fv:4004 error 0x502
/Volumes/Android/buildbot/src/googleplex-android/emu-36-3-release/hardware/google/gfxstream/host/gl/glestranslator/gles_v2/gles_v2_imp.cpp:glUniform4fv:4004 error 0x502
/Volumes/Android/buildbot/src/googleplex-android/emu-36-3-release/hardware/google/gfxstream/host/gl/glestranslator/gles_v2/gles_v2_imp.cpp:glUniform4fv:4004 error 0x502
/Volumes/Android/buildbot/src/googleplex-android/emu-36-3-release/hardware/google/gfxstream/host/gl/glestranslator/gles_v2/gles_v2_imp.cpp:glUniformMatrix3fv:4036 error 0x502
/Volumes/Android/buildbot/src/googleplex-android/emu-36-3-release/hardware/google/gfxstream/host/gl/glestranslator/gles_v2/gles_v2_imp.cpp:glUniform4fv:4004 error 0x502
/Volumes/Android/buildbot/src/googleplex-android/emu-36-3-release/hardware/google/gfxstream/host/gl/glestranslator/gles_v2/gles_v2_imp.cpp:glUniform4fv:4004 error 0x502
/Volumes/Android/buildbot/src/googleplex-android/emu-36-3-release/hardware/google/gfxstream/host/gl/glestranslator/gles_v2/gles_v2_imp.cpp:glUniform4fv:4004 error 0x502
/Volumes/Android/buildbot/src/googleplex-android/emu-36-3-release/hardware/google/gfxstream/host/gl/glestranslator/gles_v2/gles_v2_imp.cpp:glUniformMatrix3fv:4036 error 0x502
/Volumes/Android/buildbot/src/googleplex-android/emu-36-3-release/hardware/google/gfxstream/host/gl/glestranslator/gles_v2/gles_v2_imp.cpp:glUniform4f:3997 error 0x502
/Volumes/Android/buildbot/src/googleplex-android/emu-36-3-release/hardware/google/gfxstream/host/gl/glestranslator/gles_v2/gles_v2_imp.cpp:glUniform2f:3941 error 0x502
/Volumes/Android/buildbot/src/googleplex-android/emu-36-3-release/hardware/google/gfxstream/host/gl/glestranslator/gles_v2/gles_v2_imp.cpp:glUniform2f:3941 error 0x502
/Volumes/Android/buildbot/src/googleplex-android/emu-36-3-release/hardware/google/gfxstream/host/gl/glestranslator/gles_v2/gles_v2_imp.cpp:glUniform4fv:4004 error 0x502
/Volumes/Android/buildbot/src/googleplex-android/emu-36-3-release/hardware/google/gfxstream/host/gl/glestranslator/gles_v2/gles_v2_imp.cpp:glUniform4fv:4004 error 0x502
/Volumes/Android/buildbot/src/googleplex-android/emu-36-3-release/hardware/google/gfxstream/host/gl/glestranslator/gles_v2/gles_v2_imp.cpp:glUniform4fv:4004 error 0x502
/Volumes/Android/buildbot/src/googleplex-android/emu-36-3-release/hardware/google/gfxstream/host/gl/glestranslator/gles_v2/gles_v2_imp.cpp:glUniformMatrix3fv:4036 error 0x502
/Volumes/Android/buildbot/src/googleplex-android/emu-36-3-release/hardware/google/gfxstream/host/gl/glestranslator/gles_v2/gles_v2_imp.cpp:glUniform4fv:4004 error 0x502
/Volumes/Android/buildbot/src/googleplex-android/emu-36-3-release/hardware/google/gfxstream/host/gl/glestranslator/gles_v2/gles_v2_imp.cpp:glUniform4fv:4004 error 0x502
/Volumes/Android/buildbot/src/googleplex-android/emu-36-3-release/hardware/google/gfxstream/host/gl/glestranslator/gles_v2/gles_v2_imp.cpp:glUniform4fv:4004 error 0x502
/Volumes/Android/buildbot/src/googleplex-android/emu-36-3-release/hardware/google/gfxstream/host/gl/glestranslator/gles_v2/gles_v2_imp.cpp:glUniformMatrix3fv:4036 error 0x502
/Volumes/Android/buildbot/src/googleplex-android/emu-36-3-release/hardware/google/gfxstream/host/gl/glestranslator/gles_v2/gles_v2_imp.cpp:glUniform4f:3997 error 0x502
/Volumes/Android/buildbot/src/googleplex-android/emu-36-3-release/hardware/google/gfxstream/host/gl/glestranslator/gles_v2/gles_v2_imp.cpp:glUniform2f:3941 error 0x502
/Volumes/Android/buildbot/src/googleplex-android/emu-36-3-release/hardware/google/gfxstream/host/gl/glestranslator/gles_v2/gles_v2_imp.cpp:glUniform2f:3941 error 0x502
/Volumes/Android/buildbot/src/googleplex-android/emu-36-3-release/hardware/google/gfxstream/host/gl/glestranslator/gles_v2/gles_v2_imp.cpp:glUniform4fv:4004 error 0x502
/Volumes/Android/buildbot/src/googleplex-android/emu-36-3-release/hardware/google/gfxstream/host/gl/glestranslator/gles_v2/gles_v2_imp.cpp:glUniform4fv:4004 error 0x502
/Volumes/Android/buildbot/src/googleplex-android/emu-36-3-release/hardware/google/gfxstream/host/gl/glestranslator/gles_v2/gles_v2_imp.cpp:glUniform4fv:4004 error 0x502
/Volumes/Android/buildbot/src/googleplex-android/emu-36-3-release/hardware/google/gfxstream/host/gl/glestranslator/gles_v2/gles_v2_imp.cpp:glUniformMatrix3fv:4036 error 0x502
/Volumes/Android/buildbot/src/googleplex-android/emu-36-3-release/hardware/google/gfxstream/host/gl/glestranslator/gles_v2/gles_v2_imp.cpp:glUniform4fv:4004 error 0x502
/Volumes/Android/buildbot/src/googleplex-android/emu-36-3-release/hardware/google/gfxstream/host/gl/glestranslator/gles_v2/gles_v2_imp.cpp:glUniform4fv:4004 error 0x502
/Volumes/Android/buildbot/src/googleplex-android/emu-36-3-release/hardware/google/gfxstream/host/gl/glestranslator/gles_v2/gles_v2_imp.cpp:glUniform4fv:4004 error 0x502
/Volumes/Android/buildbot/src/googleplex-android/emu-36-3-release/hardware/google/gfxstream/host/gl/glestranslator/gles_v2/gles_v2_imp.cpp:glUniformMatrix3fv:4036 error 0x502
/Volumes/Android/buildbot/src/googleplex-android/emu-36-3-release/hardware/google/gfxstream/host/gl/glestranslator/gles_v2/gles_v2_imp.cpp:glUniform4f:3997 error 0x502
/Volumes/Android/buildbot/src/googleplex-android/emu-36-3-release/hardware/google/gfxstream/host/gl/glestranslator/gles_v2/gles_v2_imp.cpp:glUniform2f:3941 error 0x502
/Volumes/Android/buildbot/src/googleplex-android/emu-36-3-release/hardware/google/gfxstream/host/gl/glestranslator/gles_v2/gles_v2_imp.cpp:glUniform2f:3941 error 0x502
/Volumes/Android/buildbot/src/googleplex-android/emu-36-3-release/hardware/google/gfxstream/host/gl/glestranslator/gles_v2/gles_v2_imp.cpp:glUniform4fv:4004 error 0x502
/Volumes/Android/buildbot/src/googleplex-android/emu-36-3-release/hardware/google/gfxstream/host/gl/glestranslator/gles_v2/gles_v2_imp.cpp:glUniform4fv:4004 error 0x502
/Volumes/Android/buildbot/src/googleplex-android/emu-36-3-release/hardware/google/gfxstream/host/gl/glestranslator/gles_v2/gles_v2_imp.cpp:glUniform4fv:4004 error 0x502
/Volumes/Android/buildbot/src/googleplex-android/emu-36-3-release/hardware/google/gfxstream/host/gl/glestranslator/gles_v2/gles_v2_imp.cpp:glUniformMatrix3fv:4036 error 0x502
/Volumes/Android/buildbot/src/googleplex-android/emu-36-3-release/hardware/google/gfxstream/host/gl/glestranslator/gles_v2/gles_v2_imp.cpp:glUniform4fv:4004 error 0x502
/Volumes/Android/buildbot/src/googleplex-android/emu-36-3-release/hardware/google/gfxstream/host/gl/glestranslator/gles_v2/gles_v2_imp.cpp:glUniform4fv:4004 error 0x502
/Volumes/Android/buildbot/src/googleplex-android/emu-36-3-release/hardware/google/gfxstream/host/gl/glestranslator/gles_v2/gles_v2_imp.cpp:glUniform4fv:4004 error 0x502
/Volumes/Android/buildbot/src/googleplex-android/emu-36-3-release/hardware/google/gfxstream/host/gl/glestranslator/gles_v2/gles_v2_imp.cpp:glUniformMatrix3fv:4036 error 0x502
/Volumes/Android/buildbot/src/googleplex-android/emu-36-3-release/hardware/google/gfxstream/host/gl/glestranslator/gles_v2/gles_v2_imp.cpp:glUniform4f:3997 error 0x502
/Volumes/Android/buildbot/src/googleplex-android/emu-36-3-release/hardware/google/gfxstream/host/gl/glestranslator/gles_v2/gles_v2_imp.cpp:glUniform2f:3941 error 0x502
/Volumes/Android/buildbot/src/googleplex-android/emu-36-3-release/hardware/google/gfxstream/host/gl/glestranslator/gles_v2/gles_v2_imp.cpp:glUniform2f:3941 error 0x502
/Volumes/Android/buildbot/src/googleplex-android/emu-36-3-release/hardware/google/gfxstream/host/gl/glestranslator/gles_v2/gles_v2_imp.cpp:glUniform4fv:4004 error 0x502
/Volumes/Android/buildbot/src/googleplex-android/emu-36-3-release/hardware/google/gfxstream/host/gl/glestranslator/gles_v2/gles_v2_imp.cpp:glUniform4fv:4004 error 0x502
/Volumes/Android/buildbot/src/googleplex-android/emu-36-3-release/hardware/google/gfxstream/host/gl/glestranslator/gles_v2/gles_v2_imp.cpp:glUniform4fv:4004 error 0x502
/Volumes/Android/buildbot/src/googleplex-android/emu-36-3-release/hardware/google/gfxstream/host/gl/glestranslator/gles_v2/gles_v2_imp.cpp:glUniformMatrix3fv:4036 error 0x502
/Volumes/Android/buildbot/src/googleplex-android/emu-36-3-release/hardware/google/gfxstream/host/gl/glestranslator/gles_v2/gles_v2_imp.cpp:glUniform4fv:4004 error 0x502
/Volumes/Android/buildbot/src/googleplex-android/emu-36-3-release/hardware/google/gfxstream/host/gl/glestranslator/gles_v2/gles_v2_imp.cpp:glUniform4fv:4004 error 0x502
/Volumes/Android/buildbot/src/googleplex-android/emu-36-3-release/hardware/google/gfxstream/host/gl/glestranslator/gles_v2/gles_v2_imp.cpp:glUniform4fv:4004 error 0x502
/Volumes/Android/buildbot/src/googleplex-android/emu-36-3-release/hardware/google/gfxstream/host/gl/glestranslator/gles_v2/gles_v2_imp.cpp:glUniformMatrix3fv:4036 error 0x502
/Volumes/Android/buildbot/src/googleplex-android/emu-36-3-release/hardware/google/gfxstream/host/gl/glestranslator/gles_v2/gles_v2_imp.cpp:glUniform4f:3997 error 0x502
/Volumes/Android/buildbot/src/googleplex-android/emu-36-3-release/hardware/google/gfxstream/host/gl/glestranslator/gles_v2/gles_v2_imp.cpp:glUniform2f:3941 error 0x502
/Volumes/Android/buildbot/src/googleplex-android/emu-36-3-release/hardware/google/gfxstream/host/gl/glestranslator/gles_v2/gles_v2_imp.cpp:glUniform2f:3941 error 0x502
/Volumes/Android/buildbot/src/googleplex-android/emu-36-3-release/hardware/google/gfxstream/host/gl/glestranslator/gles_v2/gles_v2_imp.cpp:glUniform4fv:4004 error 0x502
/Volumes/Android/buildbot/src/googleplex-android/emu-36-3-release/hardware/google/gfxstream/host/gl/glestranslator/gles_v2/gles_v2_imp.cpp:glUniform4fv:4004 error 0x502
/Volumes/Android/buildbot/src/googleplex-android/emu-36-3-release/hardware/google/gfxstream/host/gl/glestranslator/gles_v2/gles_v2_imp.cpp:glUniform4fv:4004 error 0x502
/Volumes/Android/buildbot/src/googleplex-android/emu-36-3-release/hardware/google/gfxstream/host/gl/glestranslator/gles_v2/gles_v2_imp.cpp:glUniformMatrix3fv:4036 error 0x502
/Volumes/Android/buildbot/src/googleplex-android/emu-36-3-release/hardware/google/gfxstream/host/gl/glestranslator/gles_v2/gles_v2_imp.cpp:glUniform4fv:4004 error 0x502
/Volumes/Android/buildbot/src/googleplex-android/emu-36-3-release/hardware/google/gfxstream/host/gl/glestranslator/gles_v2/gles_v2_imp.cpp:glUniform4fv:4004 error 0x502
/Volumes/Android/buildbot/src/googleplex-android/emu-36-3-release/hardware/google/gfxstream/host/gl/glestranslator/gles_v2/gles_v2_imp.cpp:glUniform4fv:4004 error 0x502
/Volumes/Android/buildbot/src/googleplex-android/emu-36-3-release/hardware/google/gfxstream/host/gl/glestranslator/gles_v2/gles_v2_imp.cpp:glUniformMatrix3fv:4036 error 0x502
/Volumes/Android/buildbot/src/googleplex-android/emu-36-3-release/hardware/google/gfxstream/host/gl/glestranslator/gles_v2/gles_v2_imp.cpp:glUniform4f:3997 error 0x502
/Volumes/Android/buildbot/src/googleplex-android/emu-36-3-release/hardware/google/gfxstream/host/gl/glestranslator/gles_v2/gles_v2_imp.cpp:glUniform2f:3941 error 0x502
/Volumes/Android/buildbot/src/googleplex-android/emu-36-3-release/hardware/google/gfxstream/host/gl/glestranslator/gles_v2/gles_v2_imp.cpp:glUniform2f:3941 error 0x502
/Volumes/Android/buildbot/src/googleplex-android/emu-36-3-release/hardware/google/gfxstream/host/gl/glestranslator/gles_v2/gles_v2_imp.cpp:glUniform4fv:4004 error 0x502
/Volumes/Android/buildbot/src/googleplex-android/emu-36-3-release/hardware/google/gfxstream/host/gl/glestranslator/gles_v2/gles_v2_imp.cpp:glUniform4fv:4004 error 0x502
/Volumes/Android/buildbot/src/googleplex-android/emu-36-3-release/hardware/google/gfxstream/host/gl/glestranslator/gles_v2/gles_v2_imp.cpp:glUniform4fv:4004 error 0x502
/Volumes/Android/buildbot/src/googleplex-android/emu-36-3-release/hardware/google/gfxstream/host/gl/glestranslator/gles_v2/gles_v2_imp.cpp:glUniformMatrix3fv:4036 error 0x502
/Volumes/Android/buildbot/src/googleplex-android/emu-36-3-release/hardware/google/gfxstream/host/gl/glestranslator/gles_v2/gles_v2_imp.cpp:glUniform4fv:4004 error 0x502
INFO         | Destroyed VkDevice:0x179368010
INFO         | Destroyed VkInstance:0x11616da00 for application:'Chromium' engine:''.
INFO         | Created VkInstance:0x3b8022a00 for application:'Chromium' engine:''.
INFO         | Created VkDevice:0x398130010 for application:'Chromium' instance:0x3b8022a00. ASTC emulation:off CPU decoding:off.
INFO         | Destroyed VkDevice:0x398130010
INFO         | Destroyed VkInstance:0x3b8022a00 for application:'Chromium' engine:''.
INFO         | Created VkInstance:0x11605fc00 for application:'Chromium' engine:''.
INFO         | Created VkDevice:0x1493d0010 for application:'Chromium' instance:0x11605fc00. ASTC emulation:off CPU decoding:off.
INFO         | Destroyed VkDevice:0x1493d0010
INFO         | Destroyed VkInstance:0x11605fc00 for application:'Chromium' engine:''.
INFO         | Created VkInstance:0x1160c0000 for application:'Chromium' engine:''.
INFO         | Created VkDevice:0x1493d0010 for application:'Chromium' instance:0x1160c0000. ASTC emulation:off CPU decoding:off.
INFO         | Destroyed VkDevice:0x1493d0010
INFO         | Destroyed VkInstance:0x1160c0000 for application:'Chromium' engine:''.
INFO         | Created VkInstance:0x3b8064c00 for application:'Chromium' engine:''.
INFO         | Created VkDevice:0x3a8180010 for application:'Chromium' instance:0x3b8064c00. ASTC emulation:off CPU decoding:off.
/Volumes/Android/buildbot/src/googleplex-android/emu-36-3-release/hardware/google/gfxstream/host/gl/glestranslator/gles_v2/gles_v2_imp.cpp:glUniformMatrix3fv:4036 error 0x502
/Volumes/Android/buildbot/src/googleplex-android/emu-36-3-release/hardware/google/gfxstream/host/gl/glestranslator/gles_v2/gles_v2_imp.cpp:glUniformMatrix3fv:4036 error 0x502
INFO         | Destroyed VkDevice:0x3a8180010
INFO         | Destroyed VkInstance:0x3b8064c00 for application:'Chromium' engine:''.
INFO         | Created VkInstance:0x11b05dc00 for application:'Chromium' engine:''.
INFO         | Created VkDevice:0x3a8180010 for application:'Chromium' instance:0x11b05dc00. ASTC emulation:off CPU decoding:off.
INFO         | Destroyed VkDevice:0x3a8180010
INFO         | Destroyed VkInstance:0x11b05dc00 for application:'Chromium' engine:''.
glTexImage2D: got err pre :( 0x502 internal 0x8058 format 0x1908 type 0x1401
/Volumes/Android/buildbot/src/googleplex-android/emu-36-3-release/hardware/google/gfxstream/host/gl/glestranslator/gles_v2/gles_v2_imp.cpp:glUniform4fv:4004 error 0x502
/Volumes/Android/buildbot/src/googleplex-android/emu-36-3-release/hardware/google/gfxstream/host/gl/glestranslator/gles_v2/gles_v2_imp.cpp:glUniform4fv:4004 error 0x502
/Volumes/Android/buildbot/src/googleplex-android/emu-36-3-release/hardware/google/gfxstream/host/gl/glestranslator/gles_v2/gles_v2_imp.cpp:glUniformMatrix3fv:4036 error 0x502
/Volumes/Android/buildbot/src/googleplex-android/emu-36-3-release/hardware/google/gfxstream/host/gl/glestranslator/gles_v2/gles_v2_imp.cpp:glUniform4f:3997 error 0x502
/Volumes/Android/buildbot/src/googleplex-android/emu-36-3-release/hardware/google/gfxstream/host/gl/glestranslator/gles_v2/gles_v2_imp.cpp:glUniform2f:3941 error 0x502
/Volumes/Android/buildbot/src/googleplex-android/emu-36-3-release/hardware/google/gfxstream/host/gl/glestranslator/gles_v2/gles_v2_imp.cpp:glUniform2f:3941 error 0x502
/Volumes/Android/buildbot/src/googleplex-android/emu-36-3-release/hardware/google/gfxstream/host/gl/glestranslator/gles_v2/gles_v2_imp.cpp:glUniform4fv:4004 error 0x502
/Volumes/Android/buildbot/src/googleplex-android/emu-36-3-release/hardware/google/gfxstream/host/gl/glestranslator/gles_v2/gles_v2_imp.cpp:glUniform4fv:4004 error 0x502
/Volumes/Android/buildbot/src/googleplex-android/emu-36-3-release/hardware/google/gfxstream/host/gl/glestranslator/gles_v2/gles_v2_imp.cpp:glUniform4fv:4004 error 0x502
/Volumes/Android/buildbot/src/googleplex-android/emu-36-3-release/hardware/google/gfxstream/host/gl/glestranslator/gles_v2/gles_v2_imp.cpp:glUniformMatrix3fv:4036 error 0x502
/Volumes/Android/buildbot/src/googleplex-android/emu-36-3-release/hardware/google/gfxstream/host/gl/glestranslator/gles_v2/gles_v2_imp.cpp:glUniform4fv:4004 error 0x502
INFO         | Warning: skipping QEventPoint(id=1 ts=0 pos=0,0 scn=346.255,602.83 gbl=346.255,602.83 Released ellipse=(1x1 ∡ 0) vel=0,0 press=-346.255,-602.83 last=-346.255,-602.83 Δ 346.255,602.83) : no target window (:0, )
/Volumes/Android/buildbot/src/googleplex-android/emu-36-3-release/hardware/google/gfxstream/host/gl/glestranslator/gles_v2/gles_v2_imp.cpp:glUniform4fv:4004 error 0x502
/Volumes/Android/buildbot/src/googleplex-android/emu-36-3-release/hardware/google/gfxstream/host/gl/glestranslator/gles_v2/gles_v2_imp.cpp:glUniformMatrix3fv:4036 error 0x502
/Volumes/Android/buildbot/src/googleplex-android/emu-36-3-release/hardware/google/gfxstream/host/gl/glestranslator/gles_v2/gles_v2_imp.cpp:glUniformMatrix3fv:4036 error 0x502
/Volumes/Android/buildbot/src/googleplex-android/emu-36-3-release/hardware/google/gfxstream/host/gl/glestranslator/gles_v2/gles_v2_imp.cpp:glUniform4fv:4004 error 0x502
/Volumes/Android/buildbot/src/googleplex-android/emu-36-3-release/hardware/google/gfxstream/host/gl/glestranslator/gles_v2/gles_v2_imp.cpp:glUniformMatrix3fv:4036 error 0x502
/Volumes/Android/buildbot/src/googleplex-android/emu-36-3-release/hardware/google/gfxstream/host/gl/glestranslator/gles_v2/gles_v2_imp.cpp:glUniform4fv:4004 error 0x502
/Volumes/Android/buildbot/src/googleplex-android/emu-36-3-release/hardware/google/gfxstream/host/gl/glestranslator/gles_v2/gles_v2_imp.cpp:glUniformMatrix3fv:4036 error 0x502
/Volumes/Android/buildbot/src/googleplex-android/emu-36-3-release/hardware/google/gfxstream/host/gl/glestranslator/gles_v2/gles_v2_imp.cpp:glUniform4fv:4004 error 0x502
/Volumes/Android/buildbot/src/googleplex-android/emu-36-3-release/hardware/google/gfxstream/host/gl/glestranslator/gles_v2/gles_v2_imp.cpp:glUniformMatrix3fv:4036 error 0x502
/Volumes/Android/buildbot/src/googleplex-android/emu-36-3-release/hardware/google/gfxstream/host/gl/glestranslator/gles_v2/gles_v2_imp.cpp:glUniform4fv:4004 error 0x502
/Volumes/Android/buildbot/src/googleplex-android/emu-36-3-release/hardware/google/gfxstream/host/gl/glestranslator/gles_v2/gles_v2_imp.cpp:glUniformMatrix3fv:4036 error 0x502
INFO         | Wait for emulator (pid 9822) 20 seconds to shutdown gracefully before kill;you can set environment variable ANDROID_EMULATOR_WAIT_TIME_BEFORE_KILL(in seconds) to change the default value (20 seconds)

INFO         | Wait for emulator (pid 9822) 20 seconds to shutdown gracefully before kill;you can set environment variable ANDROID_EMULATOR_WAIT_TIME_BEFORE_KILL(in seconds) to change the default value (20 seconds)

INFO         | Saving with gfxstream=1
INFO         | Saving snapshot 'default_boot' using 12804 ms
